[0m15:52:38.558816 [debug] [MainThread]: Sending event: {'category': 'dbt', 'action': 'invocation', 'label': 'start', 'context': [<snowplow_tracker.self_describing_json.SelfDescribingJson object at 0x0000016F456CC950>, <snowplow_tracker.self_describing_json.SelfDescribingJson object at 0x0000016F456CC800>, <snowplow_tracker.self_describing_json.SelfDescribingJson object at 0x0000016F456CE900>]}


============================== 15:52:38.567886 | dc28c5d0-92e1-4210-ab85-3c964cb67d6e ==============================
[0m15:52:38.567886 [info ] [MainThread]: Running with dbt=1.12.3
[0m15:52:38.568885 [debug] [MainThread]: running dbt with arguments {'maximum_seed_size_mib': '1', 'no_print': 'None', 'version_check': 'True', 'target_path': 'None', 'warn_error_options': 'WarnErrorOptionsV2(error=[], warn=[], silence=[])', 'static_parser': 'True', 'printer_width': '80', 'write_json': 'True', 'introspect': 'True', 'log_cache_events': 'False', 'empty': 'None', 'cache_selected_only': 'False', 'fail_fast': 'False', 'debug': 'False', 'log_format': 'default', 'partial_parse': 'True', 'send_anonymous_usage_stats': 'True', 'quiet': 'False', 'warn_error': 'None', 'profiles_dir': 'C:\\Users\\gurs\\.dbt', 'invocation_command': 'dbt debug', 'hints_enabled': 'True', 'use_colors': 'True', 'use_experimental_parser': 'False', 'indirect_selection': 'eager', 'log_path': 'C:\\Users\\gurs\\Documents\\gs_dbt_project\\dbt_project_1\\logs'}
[0m15:52:38.597235 [info ] [MainThread]: dbt version: 1.12.3
[0m15:52:38.597235 [info ] [MainThread]: python version: 3.12.10
[0m15:52:38.597235 [info ] [MainThread]: python path: C:\Users\gurs\Documents\gs_dbt_project\.venv\Scripts\python.exe
[0m15:52:38.597235 [info ] [MainThread]: os info: Windows-11-10.0.26100-SP0
[0m15:52:38.983379 [info ] [MainThread]: Using profiles dir at C:\Users\gurs\.dbt
[0m15:52:38.983379 [info ] [MainThread]: Using profiles.yml file at C:\Users\gurs\.dbt\profiles.yml
[0m15:52:38.983379 [info ] [MainThread]: Using dbt_project.yml file at C:\Users\gurs\Documents\gs_dbt_project\dbt_project_1\dbt_project.yml
[0m15:52:38.983379 [info ] [MainThread]: adapter type: sqlserver
[0m15:52:38.987761 [info ] [MainThread]: adapter version: 1.11.1
[0m15:52:39.112270 [info ] [MainThread]: Configuration:
[0m15:52:39.124610 [info ] [MainThread]:   profiles.yml file [[32mOK found and valid[0m]
[0m15:52:39.124610 [info ] [MainThread]:   dbt_project.yml file [[32mOK found and valid[0m]
[0m15:52:39.126481 [info ] [MainThread]: Required dependencies:
[0m15:52:39.126481 [debug] [MainThread]: Executing "git --help"
[0m15:52:39.230160 [info ] [MainThread]:  - git [[31mERROR[0m]

[0m15:52:39.236253 [info ] [MainThread]: Connection:
[0m15:52:39.236253 [info ] [MainThread]:   driver: ODBC Driver 18 for SQL Server
[0m15:52:39.236253 [info ] [MainThread]:   server: localhost
[0m15:52:39.236253 [info ] [MainThread]:   port: 1433
[0m15:52:39.236253 [info ] [MainThread]:   database: dbt_dev
[0m15:52:39.236253 [info ] [MainThread]:   schema: dbo
[0m15:52:39.236253 [info ] [MainThread]:   UID: None
[0m15:52:39.236253 [info ] [MainThread]:   authentication: sql
[0m15:52:39.236253 [info ] [MainThread]:   windows_login: False
[0m15:52:39.236253 [info ] [MainThread]:   retries: 3
[0m15:52:39.236253 [info ] [MainThread]:   login_timeout: 0
[0m15:52:39.236253 [info ] [MainThread]:   query_timeout: 0
[0m15:52:39.236253 [info ] [MainThread]:   trace_flag: False
[0m15:52:39.241530 [info ] [MainThread]:   encrypt: True
[0m15:52:39.241530 [info ] [MainThread]:   trust_cert: False
[0m15:52:39.242099 [info ] [MainThread]:   backend: pyodbc
[0m15:52:39.245603 [info ] [MainThread]:   xact_abort: True
[0m15:52:39.271472 [info ] [MainThread]: Registered adapter: sqlserver=1.11.1
[0m15:52:39.644516 [warn ] [MainThread]: [[33mWARNING[0m]: When True, uses SQL Server-native string type mappings: STRING -> VARCHAR(MAX), NCHAR -> NCHAR(1), NVARCHAR -> NVARCHAR(4000). When False (default), preserves legacy mappings: STRING and NVARCHAR -> VARCHAR(8000), NCHAR -> CHAR(1). The new behaviour is intended to become the default in a future release.
You may opt into the new behavior sooner by setting `flags.dbt_sqlserver_use_native_string_types` to `True` in `dbt_project.yml`.
Visit https://docs.getdbt.com/reference/global-configs/behavior-changes for more information.
[0m15:52:39.660213 [debug] [MainThread]: Sending event: {'category': 'dbt', 'action': 'BehaviorChangeEvent', 'label': 'dc28c5d0-92e1-4210-ab85-3c964cb67d6e', 'context': [<snowplow_tracker.self_describing_json.SelfDescribingJson object at 0x0000016F46009CA0>]}
[0m15:52:39.660213 [warn ] [MainThread]: [[33mWARNING[0m]: When True, dbt transaction hooks (begin/commit) emit real T-SQL BEGIN TRANSACTION / COMMIT TRANSACTION statements. When False (default and legacy), begin/commit are no-ops and each statement is auto-committed by the driver. This means earlier successful statements are not rolled back if a later statement fails. This behavior is intended to become the default in a future release.
You may opt into the new behavior sooner by setting `flags.dbt_sqlserver_use_dbt_transactions` to `True` in `dbt_project.yml`.
Visit https://docs.getdbt.com/reference/global-configs/behavior-changes for more information.
[0m15:52:39.660213 [debug] [MainThread]: Sending event: {'category': 'dbt', 'action': 'BehaviorChangeEvent', 'label': 'dc28c5d0-92e1-4210-ab85-3c964cb67d6e', 'context': [<snowplow_tracker.self_describing_json.SelfDescribingJson object at 0x0000016F460084A0>]}
[0m15:52:39.660213 [debug] [MainThread]: Acquiring new sqlserver connection 'debug'
[0m15:52:39.660213 [debug] [MainThread]: Using sqlserver connection "debug"
[0m15:52:39.660213 [debug] [MainThread]: On debug: select 1 as id
[0m15:52:39.660213 [debug] [MainThread]: Opening a new connection, currently in state init
[0m15:52:39.674987 [debug] [MainThread]: sqlserver adapter: Using connection string: DRIVER={ODBC Driver 18 for SQL Server};SERVER=localhost,1433;Database=dbt_dev;UID=***;PWD=***;encrypt=Yes;TrustServerCertificate=No;APP=dbt-sqlserver/1.11.1;Pooling=true;SQL_ATTR_TRACE=SQL_OPT_TRACE_OFF;ConnectRetryCount=3;ConnectRetryInterval=10
[0m15:52:39.678768 [debug] [MainThread]: sqlserver adapter: SQL execution raised FailedToConnectError: Database Error
  ('IM002', '[IM002] [Microsoft][ODBC Driver Manager] Data source name not found and no default driver specified (0) (SQLDriverConnect)')
[0m15:52:39.679462 [debug] [MainThread]: sqlserver adapter: Error running SQL: select 1 as id
[0m15:52:39.679462 [debug] [MainThread]: sqlserver adapter: Rolling back transaction.
[0m15:52:39.679462 [debug] [MainThread]: On debug: No close available on handle
[0m15:52:39.680740 [info ] [MainThread]:   Connection test: [[31mERROR[0m]

[0m15:52:39.681740 [info ] [MainThread]: [31m2 checks failed:[0m
[0m15:52:39.681740 [info ] [MainThread]: Error from git --help: Could not find command, ensure it is in the user's PATH and that the user has permissions to run it: "git"

[0m15:52:39.681740 [info ] [MainThread]: dbt was unable to connect to the specified database.
The database returned the following error:

  >Database Error
  ('IM002', '[IM002] [Microsoft][ODBC Driver Manager] Data source name not found and no default driver specified (0) (SQLDriverConnect)')

Check your database credentials and try again. For more information, visit:
https://docs.getdbt.com/docs/configure-your-profile


[0m15:52:39.683087 [debug] [MainThread]: Command `dbt debug` failed at 15:52:39.683087 after 1.50 seconds
[0m15:52:39.683087 [debug] [MainThread]: Connection 'debug' was properly closed.
[0m15:52:39.683087 [debug] [MainThread]: Sending event: {'category': 'dbt', 'action': 'invocation', 'label': 'end', 'context': [<snowplow_tracker.self_describing_json.SelfDescribingJson object at 0x0000016F435A2690>, <snowplow_tracker.self_describing_json.SelfDescribingJson object at 0x0000016F435A26F0>, <snowplow_tracker.self_describing_json.SelfDescribingJson object at 0x0000016F45EA9580>]}
[0m15:52:39.683087 [debug] [MainThread]: Flushing usage events
[0m15:52:40.418264 [debug] [MainThread]: An error was encountered while trying to flush usage events
[0m16:08:27.436959 [debug] [MainThread]: Sending event: {'category': 'dbt', 'action': 'invocation', 'label': 'start', 'context': [<snowplow_tracker.self_describing_json.SelfDescribingJson object at 0x000001E8D94F68A0>, <snowplow_tracker.self_describing_json.SelfDescribingJson object at 0x000001E8DC26EF60>, <snowplow_tracker.self_describing_json.SelfDescribingJson object at 0x000001E8DC26EF00>]}


============================== 16:08:27.438971 | 8ff1da3f-3629-4dab-babe-024b0bb653e9 ==============================
[0m16:08:27.438971 [info ] [MainThread]: Running with dbt=1.12.3
[0m16:08:27.438971 [debug] [MainThread]: running dbt with arguments {'version_check': 'True', 'no_print': 'None', 'static_parser': 'True', 'target_path': 'None', 'maximum_seed_size_mib': '1', 'warn_error_options': 'WarnErrorOptionsV2(error=[], warn=[], silence=[])', 'printer_width': '80', 'write_json': 'True', 'empty': 'None', 'log_cache_events': 'False', 'introspect': 'True', 'cache_selected_only': 'False', 'log_format': 'default', 'debug': 'False', 'fail_fast': 'False', 'profiles_dir': 'C:\\Users\\gurs\\.dbt', 'send_anonymous_usage_stats': 'True', 'quiet': 'False', 'warn_error': 'None', 'partial_parse': 'True', 'invocation_command': 'dbt debug', 'hints_enabled': 'True', 'indirect_selection': 'eager', 'use_experimental_parser': 'False', 'use_colors': 'True', 'log_path': 'C:\\Users\\gurs\\Documents\\gs_dbt_project\\dbt_project_1\\logs'}
[0m16:08:27.471121 [info ] [MainThread]: dbt version: 1.12.3
[0m16:08:27.471121 [info ] [MainThread]: python version: 3.12.10
[0m16:08:27.473133 [info ] [MainThread]: python path: C:\Users\gurs\Documents\gs_dbt_project\.venv\Scripts\python.exe
[0m16:08:27.473133 [info ] [MainThread]: os info: Windows-11-10.0.26100-SP0
[0m16:08:27.625905 [info ] [MainThread]: Using profiles dir at C:\Users\gurs\.dbt
[0m16:08:27.625905 [info ] [MainThread]: Using profiles.yml file at C:\Users\gurs\.dbt\profiles.yml
[0m16:08:27.625905 [info ] [MainThread]: Using dbt_project.yml file at C:\Users\gurs\Documents\gs_dbt_project\dbt_project_1\dbt_project.yml
[0m16:08:27.625905 [info ] [MainThread]: adapter type: duckdb
[0m16:08:27.625905 [info ] [MainThread]: adapter version: 1.11.0
[0m16:08:27.755924 [info ] [MainThread]: Configuration:
[0m16:08:27.757933 [info ] [MainThread]:   profiles.yml file [[32mOK found and valid[0m]
[0m16:08:27.757933 [info ] [MainThread]:   dbt_project.yml file [[32mOK found and valid[0m]
[0m16:08:27.759939 [info ] [MainThread]: Required dependencies:
[0m16:08:27.759939 [debug] [MainThread]: Executing "git --help"
[0m16:08:27.853120 [info ] [MainThread]:  - git [[31mERROR[0m]

[0m16:08:27.857823 [info ] [MainThread]: Connection:
[0m16:08:27.857823 [info ] [MainThread]:   database: dev
[0m16:08:27.857823 [info ] [MainThread]:   schema: main
[0m16:08:27.857823 [info ] [MainThread]:   path: dev.duckdb
[0m16:08:27.857823 [info ] [MainThread]:   config_options: None
[0m16:08:27.857823 [info ] [MainThread]:   extensions: None
[0m16:08:27.857823 [info ] [MainThread]:   settings: {}
[0m16:08:27.857823 [info ] [MainThread]:   external_root: .
[0m16:08:27.857823 [info ] [MainThread]:   use_credential_provider: None
[0m16:08:27.857823 [info ] [MainThread]:   attach: None
[0m16:08:27.857823 [info ] [MainThread]:   filesystems: None
[0m16:08:27.857823 [info ] [MainThread]:   remote: None
[0m16:08:27.863180 [info ] [MainThread]:   plugins: None
[0m16:08:27.863180 [info ] [MainThread]:   disable_transactions: False
[0m16:08:27.864250 [info ] [MainThread]: Registered adapter: duckdb=1.11.0
[0m16:08:28.463133 [debug] [MainThread]: Acquiring new duckdb connection 'debug'
[0m16:08:28.763292 [debug] [MainThread]: Using duckdb connection "debug"
[0m16:08:28.763292 [debug] [MainThread]: On debug: select 1 as id
[0m16:08:28.763292 [debug] [MainThread]: Opening a new connection, currently in state init
[0m16:08:28.783287 [debug] [MainThread]: SQL status: OK in 0.025 seconds
[0m16:08:28.791405 [debug] [MainThread]: On debug: Close
[0m16:08:28.793143 [info ] [MainThread]:   Connection test: [[32mOK connection ok[0m]

[0m16:08:28.793143 [info ] [MainThread]: [31m1 check failed:[0m
[0m16:08:28.793143 [info ] [MainThread]: Error from git --help: Could not find command, ensure it is in the user's PATH and that the user has permissions to run it: "git"

[0m16:08:28.793143 [debug] [MainThread]: Command `dbt debug` failed at 16:08:28.793143 after 1.70 seconds
[0m16:08:28.793143 [debug] [MainThread]: Connection 'debug' was properly closed.
[0m16:08:28.793143 [debug] [MainThread]: Sending event: {'category': 'dbt', 'action': 'invocation', 'label': 'end', 'context': [<snowplow_tracker.self_describing_json.SelfDescribingJson object at 0x000001E8D94F68A0>, <snowplow_tracker.self_describing_json.SelfDescribingJson object at 0x000001E8DBB747A0>, <snowplow_tracker.self_describing_json.SelfDescribingJson object at 0x000001E8DE3BC4D0>]}
[0m16:08:28.793143 [debug] [MainThread]: Flushing usage events
[0m16:08:29.952226 [debug] [MainThread]: An error was encountered while trying to flush usage events
[0m16:44:59.299742 [debug] [MainThread]: Sending event: {'category': 'dbt', 'action': 'invocation', 'label': 'start', 'context': [<snowplow_tracker.self_describing_json.SelfDescribingJson object at 0x00000245C9AC6C60>, <snowplow_tracker.self_describing_json.SelfDescribingJson object at 0x00000245C9AC6240>, <snowplow_tracker.self_describing_json.SelfDescribingJson object at 0x00000245C9AC6BA0>]}


============================== 16:44:59.315758 | e79e0d42-19fa-4618-a393-52eda2565776 ==============================
[0m16:44:59.315758 [info ] [MainThread]: Running with dbt=1.12.3
[0m16:44:59.317696 [debug] [MainThread]: running dbt with arguments {'static_parser': 'True', 'no_print': 'None', 'version_check': 'True', 'target_path': 'None', 'maximum_seed_size_mib': '1', 'warn_error_options': 'WarnErrorOptionsV2(error=[], warn=[], silence=[])', 'printer_width': '80', 'write_json': 'True', 'empty': 'None', 'log_cache_events': 'False', 'introspect': 'True', 'cache_selected_only': 'False', 'fail_fast': 'False', 'debug': 'False', 'log_format': 'default', 'profiles_dir': 'C:\\Users\\gurs\\.dbt', 'send_anonymous_usage_stats': 'True', 'quiet': 'False', 'warn_error': 'None', 'partial_parse': 'True', 'indirect_selection': 'eager', 'hints_enabled': 'True', 'use_colors': 'True', 'use_experimental_parser': 'False', 'invocation_command': 'dbt debug', 'log_path': 'C:\\Users\\gurs\\Documents\\gs_dbt_project\\dbt_project_1\\logs'}
[0m16:44:59.387273 [info ] [MainThread]: dbt version: 1.12.3
[0m16:44:59.388273 [info ] [MainThread]: python version: 3.12.10
[0m16:44:59.388273 [info ] [MainThread]: python path: C:\Users\gurs\Documents\gs_dbt_project\.venv\Scripts\python.exe
[0m16:44:59.390804 [info ] [MainThread]: os info: Windows-11-10.0.26100-SP0
[0m16:44:59.550006 [info ] [MainThread]: Using profiles dir at C:\Users\gurs\.dbt
[0m16:44:59.559858 [info ] [MainThread]: Using profiles.yml file at C:\Users\gurs\.dbt\profiles.yml
[0m16:44:59.561884 [info ] [MainThread]: Using dbt_project.yml file at C:\Users\gurs\Documents\gs_dbt_project\dbt_project_1\dbt_project.yml
[0m16:44:59.564936 [info ] [MainThread]: adapter type: duckdb
[0m16:44:59.564936 [info ] [MainThread]: adapter version: 1.11.0
[0m16:44:59.713108 [info ] [MainThread]: Configuration:
[0m16:44:59.713108 [info ] [MainThread]:   profiles.yml file [[32mOK found and valid[0m]
[0m16:44:59.713108 [info ] [MainThread]:   dbt_project.yml file [[32mOK found and valid[0m]
[0m16:44:59.713108 [info ] [MainThread]: Required dependencies:
[0m16:44:59.713108 [debug] [MainThread]: Executing "git --help"
[0m16:44:59.834451 [info ] [MainThread]:  - git [[31mERROR[0m]

[0m16:44:59.834451 [info ] [MainThread]: Connection:
[0m16:44:59.836704 [info ] [MainThread]:   database: dev
[0m16:44:59.836704 [info ] [MainThread]:   schema: main
[0m16:44:59.836704 [info ] [MainThread]:   path: dev.duckdb
[0m16:44:59.838210 [info ] [MainThread]:   config_options: None
[0m16:44:59.838210 [info ] [MainThread]:   extensions: None
[0m16:44:59.839740 [info ] [MainThread]:   settings: {}
[0m16:44:59.839740 [info ] [MainThread]:   external_root: .
[0m16:44:59.840517 [info ] [MainThread]:   use_credential_provider: None
[0m16:44:59.879619 [info ] [MainThread]:   attach: None
[0m16:44:59.891749 [info ] [MainThread]:   filesystems: None
[0m16:44:59.892744 [info ] [MainThread]:   remote: None
[0m16:44:59.892744 [info ] [MainThread]:   plugins: None
[0m16:44:59.893742 [info ] [MainThread]:   disable_transactions: False
[0m16:44:59.893742 [info ] [MainThread]: Registered adapter: duckdb=1.11.0
[0m16:45:00.649953 [debug] [MainThread]: Acquiring new duckdb connection 'debug'
[0m16:45:01.305110 [debug] [MainThread]: Using duckdb connection "debug"
[0m16:45:01.306100 [debug] [MainThread]: On debug: select 1 as id
[0m16:45:01.307103 [debug] [MainThread]: Opening a new connection, currently in state init
[0m16:45:01.352388 [debug] [MainThread]: SQL status: OK in 0.046 seconds
[0m16:45:01.354396 [debug] [MainThread]: On debug: Close
[0m16:45:01.355384 [info ] [MainThread]:   Connection test: [[32mOK connection ok[0m]

[0m16:45:01.356386 [info ] [MainThread]: [31m1 check failed:[0m
[0m16:45:01.357383 [info ] [MainThread]: Error from git --help: Could not find command, ensure it is in the user's PATH and that the user has permissions to run it: "git"

[0m16:45:01.359976 [debug] [MainThread]: Command `dbt debug` failed at 16:45:01.358382 after 2.64 seconds
[0m16:45:01.359976 [debug] [MainThread]: Connection 'debug' was properly closed.
[0m16:45:01.360991 [debug] [MainThread]: Sending event: {'category': 'dbt', 'action': 'invocation', 'label': 'end', 'context': [<snowplow_tracker.self_describing_json.SelfDescribingJson object at 0x00000245C7802B40>, <snowplow_tracker.self_describing_json.SelfDescribingJson object at 0x00000245C9C2B6B0>, <snowplow_tracker.self_describing_json.SelfDescribingJson object at 0x00000245CA05C2C0>]}
[0m16:45:01.361997 [debug] [MainThread]: Flushing usage events
[0m16:45:02.993699 [debug] [MainThread]: An error was encountered while trying to flush usage events
[0m17:10:15.513747 [debug] [MainThread]: Sending event: {'category': 'dbt', 'action': 'invocation', 'label': 'start', 'context': [<snowplow_tracker.self_describing_json.SelfDescribingJson object at 0x000001FE4E1F6600>, <snowplow_tracker.self_describing_json.SelfDescribingJson object at 0x000001FE50CCD1C0>, <snowplow_tracker.self_describing_json.SelfDescribingJson object at 0x000001FE50877440>]}


============================== 17:10:15.516400 | d58fd85c-4b67-4ea4-bb7f-8aa8a7c0a0a4 ==============================
[0m17:10:15.516400 [info ] [MainThread]: Running with dbt=1.12.3
[0m17:10:15.516400 [debug] [MainThread]: running dbt with arguments {'version_check': 'True', 'no_print': 'None', 'static_parser': 'True', 'target_path': 'None', 'warn_error_options': 'WarnErrorOptionsV2(error=[], warn=[], silence=[])', 'maximum_seed_size_mib': '1', 'printer_width': '80', 'write_json': 'True', 'introspect': 'True', 'log_cache_events': 'False', 'empty': 'False', 'cache_selected_only': 'False', 'log_format': 'default', 'debug': 'False', 'fail_fast': 'False', 'partial_parse': 'True', 'send_anonymous_usage_stats': 'True', 'quiet': 'False', 'warn_error': 'None', 'profiles_dir': 'C:\\Users\\gurs\\.dbt', 'invocation_command': 'dbt seed', 'hints_enabled': 'True', 'indirect_selection': 'eager', 'use_experimental_parser': 'False', 'use_colors': 'True', 'log_path': 'C:\\Users\\gurs\\Documents\\gs_dbt_project\\dbt_project_1\\logs'}
[0m17:10:15.841268 [debug] [MainThread]: Sending event: {'category': 'dbt', 'action': 'project_id', 'label': 'd58fd85c-4b67-4ea4-bb7f-8aa8a7c0a0a4', 'context': [<snowplow_tracker.self_describing_json.SelfDescribingJson object at 0x000001FE4FD4FE60>]}
[0m17:10:15.907351 [debug] [MainThread]: Sending event: {'category': 'dbt', 'action': 'adapter_info', 'label': 'd58fd85c-4b67-4ea4-bb7f-8aa8a7c0a0a4', 'context': [<snowplow_tracker.self_describing_json.SelfDescribingJson object at 0x000001FE502A2FF0>]}
[0m17:10:15.915327 [info ] [MainThread]: Registered adapter: duckdb=1.11.0
[0m17:10:16.388336 [debug] [MainThread]: checksum: e540a061191ca25dcec8cdd954961cf24eb37726dcfe9ac0012df58d683b378a, vars: {}, profile: dbt_project_1, target: dev_duckdb, version: 1.12.3
[0m17:10:16.392931 [info ] [MainThread]: Unable to do partial parsing because saved manifest not found. Starting full parse.
[0m17:10:16.393930 [debug] [MainThread]: Sending event: {'category': 'dbt', 'action': 'partial_parser', 'label': 'd58fd85c-4b67-4ea4-bb7f-8aa8a7c0a0a4', 'context': [<snowplow_tracker.self_describing_json.SelfDescribingJson object at 0x000001FE530821B0>]}
[0m17:10:18.505417 [debug] [MainThread]: Sending event: {'category': 'dbt', 'action': 'load_project', 'label': 'd58fd85c-4b67-4ea4-bb7f-8aa8a7c0a0a4', 'context': [<snowplow_tracker.self_describing_json.SelfDescribingJson object at 0x000001FE54864C50>]}
[0m17:10:18.616221 [debug] [MainThread]: Wrote artifact WritableManifest to C:\Users\gurs\Documents\gs_dbt_project\dbt_project_1\target\manifest.json
[0m17:10:18.625847 [debug] [MainThread]: Wrote artifact SemanticManifest to C:\Users\gurs\Documents\gs_dbt_project\dbt_project_1\target\semantic_manifest.json
[0m17:10:18.690698 [debug] [MainThread]: Wrote artifact OsiDocument to C:\Users\gurs\Documents\gs_dbt_project\dbt_project_1\target\osi_document.json
[0m17:10:18.745359 [debug] [MainThread]: Sending event: {'category': 'dbt', 'action': 'resource_counts', 'label': 'd58fd85c-4b67-4ea4-bb7f-8aa8a7c0a0a4', 'context': [<snowplow_tracker.self_describing_json.SelfDescribingJson object at 0x000001FE548EE990>]}
[0m17:10:18.746816 [info ] [MainThread]: Found 2 models, 3 seeds, 4 data tests, 500 macros
[0m17:10:18.747327 [debug] [MainThread]: Sending event: {'category': 'dbt', 'action': 'runnable_timing', 'label': 'd58fd85c-4b67-4ea4-bb7f-8aa8a7c0a0a4', 'context': [<snowplow_tracker.self_describing_json.SelfDescribingJson object at 0x000001FE549BF7A0>]}
[0m17:10:18.749841 [info ] [MainThread]: 
[0m17:10:18.749841 [info ] [MainThread]: Concurrency: 1 threads (target='dev_duckdb')
[0m17:10:18.749841 [info ] [MainThread]: 
[0m17:10:18.749841 [debug] [MainThread]: Acquiring new duckdb connection 'master'
[0m17:10:18.767137 [debug] [ThreadPool]: Acquiring new duckdb connection 'list_dev'
[0m17:10:19.237015 [debug] [ThreadPool]: Using duckdb connection "list_dev"
[0m17:10:19.237015 [debug] [ThreadPool]: On list_dev: /* {"app": "dbt", "dbt_version": "1.12.3", "profile_name": "dbt_project_1", "target_name": "dev_duckdb", "connection_name": "list_dev"} */

    
    select schema_name
    from system.information_schema.schemata
    
    where lower(catalog_name) = '"dev"'
    
  
  
[0m17:10:19.239897 [debug] [ThreadPool]: Opening a new connection, currently in state init
[0m17:10:19.268273 [debug] [ThreadPool]: SQL status: OK in 0.029 seconds
[0m17:10:19.270304 [debug] [ThreadPool]: On list_dev: Close
[0m17:10:19.272331 [debug] [ThreadPool]: Re-using an available connection from the pool (formerly list_dev, now create_dev_main)
[0m17:10:19.275316 [debug] [ThreadPool]: Creating schema "database: "dev"
schema: "main"
"
[0m17:10:19.286219 [debug] [ThreadPool]: Using duckdb connection "create_dev_main"
[0m17:10:19.286219 [debug] [ThreadPool]: On create_dev_main: /* {"app": "dbt", "dbt_version": "1.12.3", "profile_name": "dbt_project_1", "target_name": "dev_duckdb", "connection_name": "create_dev_main"} */

    
        select type from duckdb_databases()
        where lower(database_name)='dev'
        and type != 'duckdb'
    
  
[0m17:10:19.286219 [debug] [ThreadPool]: Opening a new connection, currently in state closed
[0m17:10:19.286219 [debug] [ThreadPool]: SQL status: OK in 0.001 seconds
[0m17:10:19.290366 [debug] [ThreadPool]: Using duckdb connection "create_dev_main"
[0m17:10:19.290366 [debug] [ThreadPool]: On create_dev_main: BEGIN
[0m17:10:19.290366 [debug] [ThreadPool]: SQL status: OK in 0.000 seconds
[0m17:10:19.290366 [debug] [ThreadPool]: Using duckdb connection "create_dev_main"
[0m17:10:19.290366 [debug] [ThreadPool]: On create_dev_main: /* {"app": "dbt", "dbt_version": "1.12.3", "profile_name": "dbt_project_1", "target_name": "dev_duckdb", "connection_name": "create_dev_main"} */

    
    
        create schema if not exists "dev"."main"
    
[0m17:10:19.290366 [debug] [ThreadPool]: SQL status: OK in 0.000 seconds
[0m17:10:19.292377 [debug] [ThreadPool]: On create_dev_main: COMMIT
[0m17:10:19.292377 [debug] [ThreadPool]: Using duckdb connection "create_dev_main"
[0m17:10:19.292377 [debug] [ThreadPool]: On create_dev_main: COMMIT
[0m17:10:19.292377 [debug] [ThreadPool]: SQL status: OK in 0.000 seconds
[0m17:10:19.292377 [debug] [ThreadPool]: On create_dev_main: Close
[0m17:10:19.295381 [debug] [ThreadPool]: Acquiring new duckdb connection 'list_dev_main'
[0m17:10:19.295381 [debug] [ThreadPool]: Using duckdb connection "list_dev_main"
[0m17:10:19.295381 [debug] [ThreadPool]: On list_dev_main: BEGIN
[0m17:10:19.295381 [debug] [ThreadPool]: Opening a new connection, currently in state init
[0m17:10:19.302796 [debug] [ThreadPool]: SQL status: OK in 0.002 seconds
[0m17:10:19.302796 [debug] [ThreadPool]: Using duckdb connection "list_dev_main"
[0m17:10:19.302796 [debug] [ThreadPool]: On list_dev_main: /* {"app": "dbt", "dbt_version": "1.12.3", "profile_name": "dbt_project_1", "target_name": "dev_duckdb", "connection_name": "list_dev_main"} */
select
      'dev' as database,
      table_name as name,
      table_schema as schema,
      CASE table_type
        WHEN 'BASE TABLE' THEN 'table'
        WHEN 'VIEW' THEN 'view'
        WHEN 'LOCAL TEMPORARY' THEN 'table'
        END as type
    from system.information_schema.tables
    where lower(table_schema) = 'main'
    and lower(table_catalog) = 'dev'
  
[0m17:10:19.305401 [debug] [ThreadPool]: SQL status: OK in 0.004 seconds
[0m17:10:19.305401 [debug] [ThreadPool]: On list_dev_main: ROLLBACK
[0m17:10:19.305401 [debug] [ThreadPool]: On list_dev_main: Close
[0m17:10:19.305401 [debug] [MainThread]: Sending event: {'category': 'dbt', 'action': 'runnable_timing', 'label': 'd58fd85c-4b67-4ea4-bb7f-8aa8a7c0a0a4', 'context': [<snowplow_tracker.self_describing_json.SelfDescribingJson object at 0x000001FE53727020>]}
[0m17:10:19.305401 [debug] [MainThread]: Using duckdb connection "master"
[0m17:10:19.305401 [debug] [MainThread]: On master: BEGIN
[0m17:10:19.305401 [debug] [MainThread]: Opening a new connection, currently in state init
[0m17:10:19.305401 [debug] [MainThread]: SQL status: OK in 0.000 seconds
[0m17:10:19.305401 [debug] [MainThread]: On master: COMMIT
[0m17:10:19.305401 [debug] [MainThread]: Using duckdb connection "master"
[0m17:10:19.305401 [debug] [MainThread]: On master: COMMIT
[0m17:10:19.305401 [debug] [MainThread]: SQL status: OK in 0.000 seconds
[0m17:10:19.305401 [debug] [MainThread]: On master: Close
[0m17:10:19.330677 [debug] [Thread-1 (]: Began running node seed.dbt_project_1.raw_customers
[0m17:10:19.330677 [info ] [Thread-1 (]: 1 of 3 START seed file main.raw_customers ...................................... [RUN]
[0m17:10:19.334698 [debug] [Thread-1 (]: Acquiring new duckdb connection 'seed.dbt_project_1.raw_customers'
[0m17:10:19.335234 [debug] [Thread-1 (]: Began compiling node seed.dbt_project_1.raw_customers
[0m17:10:19.336438 [debug] [Thread-1 (]: Began executing node seed.dbt_project_1.raw_customers
[0m17:10:20.705374 [debug] [Thread-1 (]: Using duckdb connection "seed.dbt_project_1.raw_customers"
[0m17:10:20.705374 [debug] [Thread-1 (]: On seed.dbt_project_1.raw_customers: BEGIN
[0m17:10:20.705374 [debug] [Thread-1 (]: Opening a new connection, currently in state init
[0m17:10:20.705374 [debug] [Thread-1 (]: SQL status: OK in 0.001 seconds
[0m17:10:20.705374 [debug] [Thread-1 (]: Using duckdb connection "seed.dbt_project_1.raw_customers"
[0m17:10:20.715040 [debug] [Thread-1 (]: On seed.dbt_project_1.raw_customers: /* {"app": "dbt", "dbt_version": "1.12.3", "profile_name": "dbt_project_1", "target_name": "dev_duckdb", "node_id": "seed.dbt_project_1.raw_customers"} */

    create table "dev"."main"."raw_customers" ("customer_id" text,"customer_unique_id" text,"customer_zip_code_prefix" integer,"customer_city" text,"customer_state" text)
  
[0m17:10:20.717170 [debug] [Thread-1 (]: SQL status: OK in 0.001 seconds
[0m17:10:20.735081 [debug] [Thread-1 (]: Using duckdb connection "seed.dbt_project_1.raw_customers"
[0m17:10:20.735081 [debug] [Thread-1 (]: On seed.dbt_project_1.raw_customers: 
          COPY "dev"."main"."raw_customers" FROM 'C:\Users\gurs\Documents\gs_dbt_project\dbt_project_1\seeds\raw_customers.csv' (FORMAT CSV, HEADER TRUE, DELIMITER ',')
        ...
[0m17:10:20.815158 [debug] [Thread-1 (]: SQL status: OK in 0.079 seconds
[0m17:10:20.815158 [debug] [Thread-1 (]: Writing runtime SQL for node "seed.dbt_project_1.raw_customers"
[0m17:10:20.838599 [debug] [Thread-1 (]: On seed.dbt_project_1.raw_customers: COMMIT
[0m17:10:20.843203 [debug] [Thread-1 (]: Using duckdb connection "seed.dbt_project_1.raw_customers"
[0m17:10:20.843203 [debug] [Thread-1 (]: On seed.dbt_project_1.raw_customers: COMMIT
[0m17:10:20.875097 [debug] [Thread-1 (]: SQL status: OK in 0.038 seconds
[0m17:10:20.875097 [debug] [Thread-1 (]: On seed.dbt_project_1.raw_customers: Close
[0m17:10:20.885467 [debug] [Thread-1 (]: Sending event: {'category': 'dbt', 'action': 'run_model', 'label': 'd58fd85c-4b67-4ea4-bb7f-8aa8a7c0a0a4', 'context': [<snowplow_tracker.self_describing_json.SelfDescribingJson object at 0x000001FE54E107D0>]}
[0m17:10:20.885467 [info ] [Thread-1 (]: 1 of 3 OK loaded seed file main.raw_customers .................................. [[32mINSERT 99441[0m in 1.54s]
[0m17:10:20.885467 [debug] [Thread-1 (]: Finished running node seed.dbt_project_1.raw_customers
[0m17:10:20.885467 [debug] [Thread-1 (]: Began running node seed.dbt_project_1.raw_orders
[0m17:10:20.885467 [info ] [Thread-1 (]: 2 of 3 START seed file main.raw_orders ......................................... [RUN]
[0m17:10:20.885467 [debug] [Thread-1 (]: Re-using an available connection from the pool (formerly seed.dbt_project_1.raw_customers, now seed.dbt_project_1.raw_orders)
[0m17:10:20.885467 [debug] [Thread-1 (]: Began compiling node seed.dbt_project_1.raw_orders
[0m17:10:20.885467 [debug] [Thread-1 (]: Began executing node seed.dbt_project_1.raw_orders
[0m17:10:30.155113 [debug] [Thread-1 (]: Using duckdb connection "seed.dbt_project_1.raw_orders"
[0m17:10:30.160309 [debug] [Thread-1 (]: On seed.dbt_project_1.raw_orders: BEGIN
[0m17:10:30.161221 [debug] [Thread-1 (]: Opening a new connection, currently in state closed
[0m17:10:30.162228 [debug] [Thread-1 (]: SQL status: OK in 0.001 seconds
[0m17:10:30.162228 [debug] [Thread-1 (]: Using duckdb connection "seed.dbt_project_1.raw_orders"
[0m17:10:30.163537 [debug] [Thread-1 (]: On seed.dbt_project_1.raw_orders: /* {"app": "dbt", "dbt_version": "1.12.3", "profile_name": "dbt_project_1", "target_name": "dev_duckdb", "node_id": "seed.dbt_project_1.raw_orders"} */

    create table "dev"."main"."raw_orders" ("order_id" text,"customer_id" text,"order_status" text,"order_purchase_timestamp" timestamp without time zone,"order_approved_at" timestamp without time zone,"order_delivered_carrier_date" timestamp without time zone,"order_delivered_customer_date" timestamp without time zone,"order_estimated_delivery_date" timestamp without time zone)
  
[0m17:10:30.165198 [debug] [Thread-1 (]: SQL status: OK in 0.001 seconds
[0m17:10:30.165198 [debug] [Thread-1 (]: Using duckdb connection "seed.dbt_project_1.raw_orders"
[0m17:10:30.165198 [debug] [Thread-1 (]: On seed.dbt_project_1.raw_orders: 
          COPY "dev"."main"."raw_orders" FROM 'C:\Users\gurs\Documents\gs_dbt_project\dbt_project_1\seeds\raw_orders.csv' (FORMAT CSV, HEADER TRUE, DELIMITER ',')
        ...
[0m17:10:30.322456 [debug] [Thread-1 (]: SQL status: OK in 0.155 seconds
[0m17:10:30.322456 [debug] [Thread-1 (]: Writing runtime SQL for node "seed.dbt_project_1.raw_orders"
[0m17:10:30.329378 [debug] [Thread-1 (]: On seed.dbt_project_1.raw_orders: COMMIT
[0m17:10:30.329378 [debug] [Thread-1 (]: Using duckdb connection "seed.dbt_project_1.raw_orders"
[0m17:10:30.329378 [debug] [Thread-1 (]: On seed.dbt_project_1.raw_orders: COMMIT
[0m17:10:30.598562 [debug] [Thread-1 (]: SQL status: OK in 0.268 seconds
[0m17:10:30.598562 [debug] [Thread-1 (]: On seed.dbt_project_1.raw_orders: Close
[0m17:10:30.600571 [debug] [Thread-1 (]: Sending event: {'category': 'dbt', 'action': 'run_model', 'label': 'd58fd85c-4b67-4ea4-bb7f-8aa8a7c0a0a4', 'context': [<snowplow_tracker.self_describing_json.SelfDescribingJson object at 0x000001FE54DFF7D0>]}
[0m17:10:30.600571 [info ] [Thread-1 (]: 2 of 3 OK loaded seed file main.raw_orders ..................................... [[32mINSERT 99441[0m in 9.72s]
[0m17:10:30.601577 [debug] [Thread-1 (]: Finished running node seed.dbt_project_1.raw_orders
[0m17:10:30.601577 [debug] [Thread-1 (]: Began running node seed.dbt_project_1.raw_payments
[0m17:10:30.601577 [info ] [Thread-1 (]: 3 of 3 START seed file main.raw_payments ....................................... [RUN]
[0m17:10:30.603108 [debug] [Thread-1 (]: Re-using an available connection from the pool (formerly seed.dbt_project_1.raw_orders, now seed.dbt_project_1.raw_payments)
[0m17:10:30.603108 [debug] [Thread-1 (]: Began compiling node seed.dbt_project_1.raw_payments
[0m17:10:30.603108 [debug] [Thread-1 (]: Began executing node seed.dbt_project_1.raw_payments
[0m17:10:33.156283 [debug] [Thread-1 (]: Using duckdb connection "seed.dbt_project_1.raw_payments"
[0m17:10:33.156283 [debug] [Thread-1 (]: On seed.dbt_project_1.raw_payments: BEGIN
[0m17:10:33.156283 [debug] [Thread-1 (]: Opening a new connection, currently in state closed
[0m17:10:33.156283 [debug] [Thread-1 (]: SQL status: OK in 0.001 seconds
[0m17:10:33.156283 [debug] [Thread-1 (]: Using duckdb connection "seed.dbt_project_1.raw_payments"
[0m17:10:33.156283 [debug] [Thread-1 (]: On seed.dbt_project_1.raw_payments: /* {"app": "dbt", "dbt_version": "1.12.3", "profile_name": "dbt_project_1", "target_name": "dev_duckdb", "node_id": "seed.dbt_project_1.raw_payments"} */

    create table "dev"."main"."raw_payments" ("order_id" text,"payment_sequential" integer,"payment_type" text,"payment_installments" integer,"payment_value" float8)
  
[0m17:10:33.156283 [debug] [Thread-1 (]: SQL status: OK in 0.000 seconds
[0m17:10:33.156283 [debug] [Thread-1 (]: Using duckdb connection "seed.dbt_project_1.raw_payments"
[0m17:10:33.156283 [debug] [Thread-1 (]: On seed.dbt_project_1.raw_payments: 
          COPY "dev"."main"."raw_payments" FROM 'C:\Users\gurs\Documents\gs_dbt_project\dbt_project_1\seeds\raw_payments.csv' (FORMAT CSV, HEADER TRUE, DELIMITER ',')
        ...
[0m17:10:33.239269 [debug] [Thread-1 (]: SQL status: OK in 0.079 seconds
[0m17:10:33.245043 [debug] [Thread-1 (]: Writing runtime SQL for node "seed.dbt_project_1.raw_payments"
[0m17:10:33.248903 [debug] [Thread-1 (]: On seed.dbt_project_1.raw_payments: COMMIT
[0m17:10:33.251063 [debug] [Thread-1 (]: Using duckdb connection "seed.dbt_project_1.raw_payments"
[0m17:10:33.251569 [debug] [Thread-1 (]: On seed.dbt_project_1.raw_payments: COMMIT
[0m17:10:33.283468 [debug] [Thread-1 (]: SQL status: OK in 0.032 seconds
[0m17:10:33.284975 [debug] [Thread-1 (]: On seed.dbt_project_1.raw_payments: Close
[0m17:10:33.285983 [debug] [Thread-1 (]: Sending event: {'category': 'dbt', 'action': 'run_model', 'label': 'd58fd85c-4b67-4ea4-bb7f-8aa8a7c0a0a4', 'context': [<snowplow_tracker.self_describing_json.SelfDescribingJson object at 0x000001FE537B2930>]}
[0m17:10:33.286983 [info ] [Thread-1 (]: 3 of 3 OK loaded seed file main.raw_payments ................................... [[32mINSERT 103886[0m in 2.68s]
[0m17:10:33.287988 [debug] [Thread-1 (]: Finished running node seed.dbt_project_1.raw_payments
[0m17:10:33.290669 [debug] [MainThread]: Using duckdb connection "master"
[0m17:10:33.290982 [debug] [MainThread]: On master: BEGIN
[0m17:10:33.290982 [debug] [MainThread]: Opening a new connection, currently in state closed
[0m17:10:33.292019 [debug] [MainThread]: SQL status: OK in 0.001 seconds
[0m17:10:33.292019 [debug] [MainThread]: On master: COMMIT
[0m17:10:33.293039 [debug] [MainThread]: Using duckdb connection "master"
[0m17:10:33.293039 [debug] [MainThread]: On master: COMMIT
[0m17:10:33.294030 [debug] [MainThread]: SQL status: OK in 0.000 seconds
[0m17:10:33.294030 [debug] [MainThread]: On master: Close
[0m17:10:33.295029 [debug] [MainThread]: Connection 'master' was properly closed.
[0m17:10:33.295029 [debug] [MainThread]: Connection 'create_dev_main' was properly closed.
[0m17:10:33.295029 [debug] [MainThread]: Connection 'list_dev_main' was properly closed.
[0m17:10:33.296110 [debug] [MainThread]: Connection 'seed.dbt_project_1.raw_payments' was properly closed.
[0m17:10:33.296110 [info ] [MainThread]: 
[0m17:10:33.296110 [info ] [MainThread]: Finished running 3 seeds in 0 hours 0 minutes and 14.55 seconds (14.55s).
[0m17:10:33.298008 [debug] [MainThread]: Command end result
[0m17:10:33.345878 [debug] [MainThread]: Wrote artifact WritableManifest to C:\Users\gurs\Documents\gs_dbt_project\dbt_project_1\target\manifest.json
[0m17:10:33.352611 [debug] [MainThread]: Wrote artifact SemanticManifest to C:\Users\gurs\Documents\gs_dbt_project\dbt_project_1\target\semantic_manifest.json
[0m17:10:33.357813 [debug] [MainThread]: Wrote artifact OsiDocument to C:\Users\gurs\Documents\gs_dbt_project\dbt_project_1\target\osi_document.json
[0m17:10:33.366329 [debug] [MainThread]: Wrote artifact RunExecutionResult to C:\Users\gurs\Documents\gs_dbt_project\dbt_project_1\target\run_results.json
[0m17:10:33.366329 [info ] [MainThread]: 
[0m17:10:33.367428 [info ] [MainThread]: [32mCompleted successfully[0m
[0m17:10:33.368328 [info ] [MainThread]: 
[0m17:10:33.368328 [info ] [MainThread]: Done. PASS=3 WARN=0 ERROR=0 SKIP=0 NO-OP=0 REUSED=0 TOTAL=3
[0m17:10:33.369370 [debug] [MainThread]: Command `dbt seed` succeeded at 17:10:33.369370 after 18.30 seconds
[0m17:10:33.369370 [debug] [MainThread]: Sending event: {'category': 'dbt', 'action': 'invocation', 'label': 'end', 'context': [<snowplow_tracker.self_describing_json.SelfDescribingJson object at 0x000001FE4E1F6600>, <snowplow_tracker.self_describing_json.SelfDescribingJson object at 0x000001FE50F8EF00>, <snowplow_tracker.self_describing_json.SelfDescribingJson object at 0x000001FE52A0D880>]}
[0m17:10:33.370327 [debug] [MainThread]: Flushing usage events
[0m17:10:34.431138 [debug] [MainThread]: An error was encountered while trying to flush usage events
[0m17:12:07.520968 [debug] [MainThread]: Sending event: {'category': 'dbt', 'action': 'invocation', 'label': 'start', 'context': [<snowplow_tracker.self_describing_json.SelfDescribingJson object at 0x0000011606213440>, <snowplow_tracker.self_describing_json.SelfDescribingJson object at 0x0000011605715EB0>, <snowplow_tracker.self_describing_json.SelfDescribingJson object at 0x0000011606212780>]}


============================== 17:12:07.524517 | 2a7219b6-3458-4723-88ce-d5993dc01f9a ==============================
[0m17:12:07.524517 [info ] [MainThread]: Running with dbt=1.12.3
[0m17:12:07.529164 [debug] [MainThread]: running dbt with arguments {'maximum_seed_size_mib': '1', 'no_print': 'None', 'version_check': 'True', 'target_path': 'None', 'warn_error_options': 'WarnErrorOptionsV2(error=[], warn=[], silence=[])', 'static_parser': 'True', 'printer_width': '80', 'write_json': 'True', 'empty': 'None', 'log_cache_events': 'False', 'introspect': 'True', 'cache_selected_only': 'False', 'log_format': 'default', 'debug': 'False', 'fail_fast': 'False', 'partial_parse': 'True', 'send_anonymous_usage_stats': 'True', 'quiet': 'False', 'warn_error': 'None', 'profiles_dir': 'C:\\Users\\gurs\\.dbt', 'indirect_selection': 'eager', 'hints_enabled': 'True', 'use_colors': 'True', 'use_experimental_parser': 'False', 'invocation_command': "dbt show --inline select 'customers' as tbl, count(*) as total_rows from raw_customers union all select 'orders', count(*) from raw_orders union all select 'payments', count(*) from raw_payments", 'log_path': 'C:\\Users\\gurs\\Documents\\gs_dbt_project\\dbt_project_1\\logs'}
[0m17:12:07.794296 [debug] [MainThread]: Sending event: {'category': 'dbt', 'action': 'project_id', 'label': '2a7219b6-3458-4723-88ce-d5993dc01f9a', 'context': [<snowplow_tracker.self_describing_json.SelfDescribingJson object at 0x000001160851AC00>]}
[0m17:12:07.855005 [debug] [MainThread]: Sending event: {'category': 'dbt', 'action': 'adapter_info', 'label': '2a7219b6-3458-4723-88ce-d5993dc01f9a', 'context': [<snowplow_tracker.self_describing_json.SelfDescribingJson object at 0x000001160861E4B0>]}
[0m17:12:07.876678 [info ] [MainThread]: Registered adapter: duckdb=1.11.0
[0m17:12:08.297015 [debug] [MainThread]: checksum: e540a061191ca25dcec8cdd954961cf24eb37726dcfe9ac0012df58d683b378a, vars: {}, profile: dbt_project_1, target: dev_duckdb, version: 1.12.3
[0m17:12:08.668209 [debug] [MainThread]: Partial parsing enabled: 0 files deleted, 0 files added, 0 files changed.
[0m17:12:08.668209 [debug] [MainThread]: Nothing changed, skipping partial parsing.
[0m17:12:08.669967 [debug] [MainThread]: Partial parsing enabled, no changes found, skipping parsing
[0m17:12:08.687465 [debug] [MainThread]: Sending event: {'category': 'dbt', 'action': 'load_project', 'label': '2a7219b6-3458-4723-88ce-d5993dc01f9a', 'context': [<snowplow_tracker.self_describing_json.SelfDescribingJson object at 0x0000011608A05490>]}
[0m17:12:08.867169 [debug] [MainThread]: Wrote artifact WritableManifest to C:\Users\gurs\Documents\gs_dbt_project\dbt_project_1\target\manifest.json
[0m17:12:08.874423 [debug] [MainThread]: Wrote artifact SemanticManifest to C:\Users\gurs\Documents\gs_dbt_project\dbt_project_1\target\semantic_manifest.json
[0m17:12:08.914087 [debug] [MainThread]: Wrote artifact OsiDocument to C:\Users\gurs\Documents\gs_dbt_project\dbt_project_1\target\osi_document.json
[0m17:12:09.169532 [debug] [MainThread]: Sending event: {'category': 'dbt', 'action': 'resource_counts', 'label': '2a7219b6-3458-4723-88ce-d5993dc01f9a', 'context': [<snowplow_tracker.self_describing_json.SelfDescribingJson object at 0x0000011608B0FA70>]}
[0m17:12:09.169532 [info ] [MainThread]: Found 2 models, 3 seeds, 4 data tests, 1 sql operation, 500 macros
[0m17:12:09.170533 [debug] [MainThread]: Sending event: {'category': 'dbt', 'action': 'runnable_timing', 'label': '2a7219b6-3458-4723-88ce-d5993dc01f9a', 'context': [<snowplow_tracker.self_describing_json.SelfDescribingJson object at 0x0000011608A65AF0>]}
[0m17:12:09.171543 [info ] [MainThread]: 
[0m17:12:09.174073 [info ] [MainThread]: Concurrency: 1 threads (target='dev_duckdb')
[0m17:12:09.174592 [info ] [MainThread]: 
[0m17:12:09.175609 [debug] [MainThread]: Acquiring new duckdb connection 'master'
[0m17:12:09.175609 [debug] [ThreadPool]: Acquiring new duckdb connection 'list_dev_main'
[0m17:12:09.484310 [debug] [ThreadPool]: Using duckdb connection "list_dev_main"
[0m17:12:09.484310 [debug] [ThreadPool]: On list_dev_main: BEGIN
[0m17:12:09.484310 [debug] [ThreadPool]: Opening a new connection, currently in state init
[0m17:12:09.504297 [debug] [ThreadPool]: SQL status: OK in 0.019 seconds
[0m17:12:09.505346 [debug] [ThreadPool]: Using duckdb connection "list_dev_main"
[0m17:12:09.505906 [debug] [ThreadPool]: On list_dev_main: /* {"app": "dbt", "dbt_version": "1.12.3", "profile_name": "dbt_project_1", "target_name": "dev_duckdb", "connection_name": "list_dev_main"} */
select
      'dev' as database,
      table_name as name,
      table_schema as schema,
      CASE table_type
        WHEN 'BASE TABLE' THEN 'table'
        WHEN 'VIEW' THEN 'view'
        WHEN 'LOCAL TEMPORARY' THEN 'table'
        END as type
    from system.information_schema.tables
    where lower(table_schema) = 'main'
    and lower(table_catalog) = 'dev'
  
[0m17:12:09.509917 [debug] [ThreadPool]: SQL status: OK in 0.003 seconds
[0m17:12:09.509917 [debug] [ThreadPool]: On list_dev_main: ROLLBACK
[0m17:12:09.509917 [debug] [ThreadPool]: On list_dev_main: Close
[0m17:12:09.516567 [debug] [MainThread]: Sending event: {'category': 'dbt', 'action': 'runnable_timing', 'label': '2a7219b6-3458-4723-88ce-d5993dc01f9a', 'context': [<snowplow_tracker.self_describing_json.SelfDescribingJson object at 0x0000011608970080>]}
[0m17:12:09.518588 [debug] [Thread-1 (]: Began running node sql_operation.dbt_project_1.inline_query
[0m17:12:09.518588 [debug] [Thread-1 (]: Acquiring new duckdb connection 'sql_operation.dbt_project_1.inline_query'
[0m17:12:09.518588 [debug] [Thread-1 (]: Began compiling node sql_operation.dbt_project_1.inline_query
[0m17:12:09.526741 [debug] [Thread-1 (]: Writing injected SQL for node "sql_operation.dbt_project_1.inline_query"
[0m17:12:09.534408 [debug] [Thread-1 (]: Began executing node sql_operation.dbt_project_1.inline_query
[0m17:12:09.542534 [debug] [Thread-1 (]: Using duckdb connection "sql_operation.dbt_project_1.inline_query"
[0m17:12:09.543083 [debug] [Thread-1 (]: On sql_operation.dbt_project_1.inline_query: /* {"app": "dbt", "dbt_version": "1.12.3", "profile_name": "dbt_project_1", "target_name": "dev_duckdb", "node_id": "sql_operation.dbt_project_1.inline_query"} */

  
  select 'customers' as tbl, count(*) as total_rows from raw_customers union all select 'orders', count(*) from raw_orders union all select 'payments', count(*) from raw_payments
  
  limit 5

[0m17:12:09.543632 [debug] [Thread-1 (]: Opening a new connection, currently in state init
[0m17:12:09.545797 [debug] [Thread-1 (]: SQL status: OK in 0.002 seconds
[0m17:12:09.547996 [debug] [Thread-1 (]: On sql_operation.dbt_project_1.inline_query: Close
[0m17:12:09.549092 [debug] [Thread-1 (]: Finished running node sql_operation.dbt_project_1.inline_query
[0m17:12:09.550182 [debug] [MainThread]: Connection 'master' was properly closed.
[0m17:12:09.550715 [debug] [MainThread]: Connection 'list_dev_main' was properly closed.
[0m17:12:09.550715 [debug] [MainThread]: Connection 'sql_operation.dbt_project_1.inline_query' was properly closed.
[0m17:12:09.551795 [debug] [MainThread]: Command end result
[0m17:12:09.592343 [debug] [MainThread]: Wrote artifact WritableManifest to C:\Users\gurs\Documents\gs_dbt_project\dbt_project_1\target\manifest.json
[0m17:12:09.600105 [debug] [MainThread]: Wrote artifact SemanticManifest to C:\Users\gurs\Documents\gs_dbt_project\dbt_project_1\target\semantic_manifest.json
[0m17:12:09.608490 [debug] [MainThread]: Wrote artifact OsiDocument to C:\Users\gurs\Documents\gs_dbt_project\dbt_project_1\target\osi_document.json
[0m17:12:09.614297 [debug] [MainThread]: Wrote artifact RunExecutionResult to C:\Users\gurs\Documents\gs_dbt_project\dbt_project_1\target\run_results.json
[0m17:12:09.619084 [info ] [MainThread]: Previewing inline node:
| tbl       | total_rows |
| --------- | ---------- |
| customers |      99441 |
| orders    |      99441 |
| payments  |     103886 |

[0m17:12:09.619084 [debug] [MainThread]: Command `dbt show` succeeded at 17:12:09.619084 after 2.54 seconds
[0m17:12:09.619084 [debug] [MainThread]: Sending event: {'category': 'dbt', 'action': 'invocation', 'label': 'end', 'context': [<snowplow_tracker.self_describing_json.SelfDescribingJson object at 0x0000011605CDE420>, <snowplow_tracker.self_describing_json.SelfDescribingJson object at 0x0000011605CDEFF0>, <snowplow_tracker.self_describing_json.SelfDescribingJson object at 0x0000011608E695B0>]}
[0m17:12:09.619084 [debug] [MainThread]: Flushing usage events
[0m17:12:10.434265 [debug] [MainThread]: An error was encountered while trying to flush usage events
[0m20:10:16.392718 [debug] [MainThread]: Sending event: {'category': 'dbt', 'action': 'invocation', 'label': 'start', 'context': [<snowplow_tracker.self_describing_json.SelfDescribingJson object at 0x000002087284DEB0>, <snowplow_tracker.self_describing_json.SelfDescribingJson object at 0x0000020874966870>, <snowplow_tracker.self_describing_json.SelfDescribingJson object at 0x00000208700B9CA0>]}


============================== 20:10:16.431596 | 69d74fe2-528f-4e1d-b10d-bf8539bf683d ==============================
[0m20:10:16.431596 [info ] [MainThread]: Running with dbt=1.12.3
[0m20:10:16.434290 [debug] [MainThread]: running dbt with arguments {'maximum_seed_size_mib': '1', 'no_print': 'None', 'static_parser': 'True', 'target_path': 'None', 'version_check': 'True', 'warn_error_options': 'WarnErrorOptionsV2(error=[], warn=[], silence=[])', 'printer_width': '80', 'write_json': 'True', 'introspect': 'True', 'log_cache_events': 'False', 'empty': 'None', 'cache_selected_only': 'False', 'fail_fast': 'False', 'debug': 'False', 'log_format': 'default', 'partial_parse': 'True', 'send_anonymous_usage_stats': 'True', 'quiet': 'False', 'warn_error': 'None', 'profiles_dir': 'C:\\Users\\gurs\\.dbt', 'invocation_command': 'dbt docs generate', 'hints_enabled': 'True', 'use_colors': 'True', 'use_experimental_parser': 'False', 'indirect_selection': 'eager', 'log_path': 'C:\\Users\\gurs\\Documents\\gs_dbt_project\\dbt_project_1\\logs'}
[0m20:10:17.841078 [debug] [MainThread]: Sending event: {'category': 'dbt', 'action': 'project_id', 'label': '69d74fe2-528f-4e1d-b10d-bf8539bf683d', 'context': [<snowplow_tracker.self_describing_json.SelfDescribingJson object at 0x0000020874C1E7E0>]}
[0m20:10:18.181509 [debug] [MainThread]: Sending event: {'category': 'dbt', 'action': 'adapter_info', 'label': '69d74fe2-528f-4e1d-b10d-bf8539bf683d', 'context': [<snowplow_tracker.self_describing_json.SelfDescribingJson object at 0x00000208708FF950>]}
[0m20:10:18.197959 [info ] [MainThread]: Registered adapter: duckdb=1.11.0
[0m20:10:21.060835 [debug] [MainThread]: checksum: e540a061191ca25dcec8cdd954961cf24eb37726dcfe9ac0012df58d683b378a, vars: {}, profile: dbt_project_1, target: dev_duckdb, version: 1.12.3
[0m20:10:22.046497 [debug] [MainThread]: Partial parsing enabled: 0 files deleted, 4 files added, 0 files changed.
[0m20:10:22.046497 [debug] [MainThread]: Partial parsing: added file: dbt_project_1://models\staging\stg_orders.sql
[0m20:10:22.046497 [debug] [MainThread]: Partial parsing: added file: dbt_project_1://models\staging\schema.yml
[0m20:10:22.046497 [debug] [MainThread]: Partial parsing: added file: dbt_project_1://models\staging\stg_payments.sql
[0m20:10:22.051014 [debug] [MainThread]: Partial parsing: added file: dbt_project_1://models\staging\stg_customers.sql
[0m20:10:23.709850 [debug] [MainThread]: Sending event: {'category': 'dbt', 'action': 'load_project', 'label': '69d74fe2-528f-4e1d-b10d-bf8539bf683d', 'context': [<snowplow_tracker.self_describing_json.SelfDescribingJson object at 0x000002087555F680>]}
[0m20:10:23.786113 [debug] [MainThread]: Sending event: {'category': 'dbt', 'action': 'resource_counts', 'label': '69d74fe2-528f-4e1d-b10d-bf8539bf683d', 'context': [<snowplow_tracker.self_describing_json.SelfDescribingJson object at 0x00000208701B70B0>]}
[0m20:10:23.788122 [info ] [MainThread]: Found 5 models, 3 seeds, 4 data tests, 500 macros
[0m20:10:23.792292 [debug] [MainThread]: Sending event: {'category': 'dbt', 'action': 'runnable_timing', 'label': '69d74fe2-528f-4e1d-b10d-bf8539bf683d', 'context': [<snowplow_tracker.self_describing_json.SelfDescribingJson object at 0x00000208755A1BE0>]}
[0m20:10:23.797515 [info ] [MainThread]: 
[0m20:10:23.805147 [info ] [MainThread]: Concurrency: 1 threads (target='dev_duckdb')
[0m20:10:23.807215 [info ] [MainThread]: 
[0m20:10:23.809731 [debug] [MainThread]: Acquiring new duckdb connection 'master'
[0m20:10:23.850753 [debug] [ThreadPool]: Acquiring new duckdb connection 'list_dev_main'
[0m20:10:25.340304 [debug] [ThreadPool]: Using duckdb connection "list_dev_main"
[0m20:10:25.340304 [debug] [ThreadPool]: On list_dev_main: BEGIN
[0m20:10:25.340304 [debug] [ThreadPool]: Opening a new connection, currently in state init
[0m20:10:25.435423 [debug] [ThreadPool]: SQL status: OK in 0.090 seconds
[0m20:10:25.437450 [debug] [ThreadPool]: Using duckdb connection "list_dev_main"
[0m20:10:25.439230 [debug] [ThreadPool]: On list_dev_main: /* {"app": "dbt", "dbt_version": "1.12.3", "profile_name": "dbt_project_1", "target_name": "dev_duckdb", "connection_name": "list_dev_main"} */
select
      'dev' as database,
      table_name as name,
      table_schema as schema,
      CASE table_type
        WHEN 'BASE TABLE' THEN 'table'
        WHEN 'VIEW' THEN 'view'
        WHEN 'LOCAL TEMPORARY' THEN 'table'
        END as type
    from system.information_schema.tables
    where lower(table_schema) = 'main'
    and lower(table_catalog) = 'dev'
  
[0m20:10:25.460463 [debug] [ThreadPool]: SQL status: OK in 0.020 seconds
[0m20:10:25.466784 [debug] [ThreadPool]: On list_dev_main: ROLLBACK
[0m20:10:25.470477 [debug] [ThreadPool]: On list_dev_main: Close
[0m20:10:25.473947 [debug] [MainThread]: Sending event: {'category': 'dbt', 'action': 'runnable_timing', 'label': '69d74fe2-528f-4e1d-b10d-bf8539bf683d', 'context': [<snowplow_tracker.self_describing_json.SelfDescribingJson object at 0x000002087287BA10>]}
[0m20:10:25.497273 [debug] [Thread-1 (]: Began running node model.dbt_project_1.my_first_dbt_model
[0m20:10:25.500227 [debug] [Thread-1 (]: Acquiring new duckdb connection 'model.dbt_project_1.my_first_dbt_model'
[0m20:10:25.502250 [debug] [Thread-1 (]: Began compiling node model.dbt_project_1.my_first_dbt_model
[0m20:10:25.559856 [debug] [Thread-1 (]: Writing injected SQL for node "model.dbt_project_1.my_first_dbt_model"
[0m20:10:25.578580 [debug] [Thread-1 (]: Began executing node model.dbt_project_1.my_first_dbt_model
[0m20:10:25.584081 [debug] [Thread-1 (]: Finished running node model.dbt_project_1.my_first_dbt_model
[0m20:10:25.586282 [debug] [Thread-1 (]: Began running node seed.dbt_project_1.raw_customers
[0m20:10:25.595526 [debug] [Thread-1 (]: Re-using an available connection from the pool (formerly model.dbt_project_1.my_first_dbt_model, now seed.dbt_project_1.raw_customers)
[0m20:10:25.599686 [debug] [Thread-1 (]: Began compiling node seed.dbt_project_1.raw_customers
[0m20:10:25.608405 [debug] [Thread-1 (]: Began executing node seed.dbt_project_1.raw_customers
[0m20:10:25.611006 [debug] [Thread-1 (]: Finished running node seed.dbt_project_1.raw_customers
[0m20:10:25.613020 [debug] [Thread-1 (]: Began running node seed.dbt_project_1.raw_orders
[0m20:10:25.615514 [debug] [Thread-1 (]: Re-using an available connection from the pool (formerly seed.dbt_project_1.raw_customers, now seed.dbt_project_1.raw_orders)
[0m20:10:25.626064 [debug] [Thread-1 (]: Began compiling node seed.dbt_project_1.raw_orders
[0m20:10:25.628850 [debug] [Thread-1 (]: Began executing node seed.dbt_project_1.raw_orders
[0m20:10:25.637476 [debug] [Thread-1 (]: Finished running node seed.dbt_project_1.raw_orders
[0m20:10:25.638156 [debug] [Thread-1 (]: Began running node seed.dbt_project_1.raw_payments
[0m20:10:25.641769 [debug] [Thread-1 (]: Re-using an available connection from the pool (formerly seed.dbt_project_1.raw_orders, now seed.dbt_project_1.raw_payments)
[0m20:10:25.643778 [debug] [Thread-1 (]: Began compiling node seed.dbt_project_1.raw_payments
[0m20:10:25.646726 [debug] [Thread-1 (]: Began executing node seed.dbt_project_1.raw_payments
[0m20:10:25.651251 [debug] [Thread-1 (]: Finished running node seed.dbt_project_1.raw_payments
[0m20:10:25.663257 [debug] [Thread-1 (]: Began running node model.dbt_project_1.my_second_dbt_model
[0m20:10:25.672797 [debug] [Thread-1 (]: Re-using an available connection from the pool (formerly seed.dbt_project_1.raw_payments, now model.dbt_project_1.my_second_dbt_model)
[0m20:10:25.674612 [debug] [Thread-1 (]: Began compiling node model.dbt_project_1.my_second_dbt_model
[0m20:10:25.683588 [debug] [Thread-1 (]: Writing injected SQL for node "model.dbt_project_1.my_second_dbt_model"
[0m20:10:25.705475 [debug] [Thread-1 (]: Began executing node model.dbt_project_1.my_second_dbt_model
[0m20:10:25.716325 [debug] [Thread-1 (]: Finished running node model.dbt_project_1.my_second_dbt_model
[0m20:10:25.724285 [debug] [Thread-1 (]: Began running node test.dbt_project_1.not_null_my_first_dbt_model_id.5fb22c2710
[0m20:10:25.727139 [debug] [Thread-1 (]: Re-using an available connection from the pool (formerly model.dbt_project_1.my_second_dbt_model, now test.dbt_project_1.not_null_my_first_dbt_model_id.5fb22c2710)
[0m20:10:25.729272 [debug] [Thread-1 (]: Began compiling node test.dbt_project_1.not_null_my_first_dbt_model_id.5fb22c2710
[0m20:10:25.799530 [debug] [Thread-1 (]: Writing injected SQL for node "test.dbt_project_1.not_null_my_first_dbt_model_id.5fb22c2710"
[0m20:10:25.810789 [debug] [Thread-1 (]: Began executing node test.dbt_project_1.not_null_my_first_dbt_model_id.5fb22c2710
[0m20:10:25.815585 [debug] [Thread-1 (]: Finished running node test.dbt_project_1.not_null_my_first_dbt_model_id.5fb22c2710
[0m20:10:25.821477 [debug] [Thread-1 (]: Began running node test.dbt_project_1.unique_my_first_dbt_model_id.16e066b321
[0m20:10:25.823813 [debug] [Thread-1 (]: Re-using an available connection from the pool (formerly test.dbt_project_1.not_null_my_first_dbt_model_id.5fb22c2710, now test.dbt_project_1.unique_my_first_dbt_model_id.16e066b321)
[0m20:10:25.826071 [debug] [Thread-1 (]: Began compiling node test.dbt_project_1.unique_my_first_dbt_model_id.16e066b321
[0m20:10:25.942782 [debug] [Thread-1 (]: Writing injected SQL for node "test.dbt_project_1.unique_my_first_dbt_model_id.16e066b321"
[0m20:10:25.993093 [debug] [Thread-1 (]: Began executing node test.dbt_project_1.unique_my_first_dbt_model_id.16e066b321
[0m20:10:26.001713 [debug] [Thread-1 (]: Finished running node test.dbt_project_1.unique_my_first_dbt_model_id.16e066b321
[0m20:10:26.009647 [debug] [Thread-1 (]: Began running node model.dbt_project_1.stg_customers
[0m20:10:26.011659 [debug] [Thread-1 (]: Re-using an available connection from the pool (formerly test.dbt_project_1.unique_my_first_dbt_model_id.16e066b321, now model.dbt_project_1.stg_customers)
[0m20:10:26.023468 [debug] [Thread-1 (]: Began compiling node model.dbt_project_1.stg_customers
[0m20:10:26.093361 [debug] [Thread-1 (]: Writing injected SQL for node "model.dbt_project_1.stg_customers"
[0m20:10:26.112593 [debug] [Thread-1 (]: Began executing node model.dbt_project_1.stg_customers
[0m20:10:26.129362 [debug] [Thread-1 (]: Finished running node model.dbt_project_1.stg_customers
[0m20:10:26.133672 [debug] [Thread-1 (]: Began running node model.dbt_project_1.stg_orders
[0m20:10:26.143615 [debug] [Thread-1 (]: Re-using an available connection from the pool (formerly model.dbt_project_1.stg_customers, now model.dbt_project_1.stg_orders)
[0m20:10:26.149525 [debug] [Thread-1 (]: Began compiling node model.dbt_project_1.stg_orders
[0m20:10:26.165378 [debug] [Thread-1 (]: Writing injected SQL for node "model.dbt_project_1.stg_orders"
[0m20:10:26.188802 [debug] [Thread-1 (]: Began executing node model.dbt_project_1.stg_orders
[0m20:10:26.191548 [debug] [Thread-1 (]: Finished running node model.dbt_project_1.stg_orders
[0m20:10:26.193538 [debug] [Thread-1 (]: Began running node model.dbt_project_1.stg_payments
[0m20:10:26.195549 [debug] [Thread-1 (]: Re-using an available connection from the pool (formerly model.dbt_project_1.stg_orders, now model.dbt_project_1.stg_payments)
[0m20:10:26.198400 [debug] [Thread-1 (]: Began compiling node model.dbt_project_1.stg_payments
[0m20:10:26.209821 [debug] [Thread-1 (]: Writing injected SQL for node "model.dbt_project_1.stg_payments"
[0m20:10:26.214153 [debug] [Thread-1 (]: Began executing node model.dbt_project_1.stg_payments
[0m20:10:26.222963 [debug] [Thread-1 (]: Finished running node model.dbt_project_1.stg_payments
[0m20:10:26.225799 [debug] [Thread-1 (]: Began running node test.dbt_project_1.not_null_my_second_dbt_model_id.151b76d778
[0m20:10:26.227437 [debug] [Thread-1 (]: Re-using an available connection from the pool (formerly model.dbt_project_1.stg_payments, now test.dbt_project_1.not_null_my_second_dbt_model_id.151b76d778)
[0m20:10:26.227966 [debug] [Thread-1 (]: Began compiling node test.dbt_project_1.not_null_my_second_dbt_model_id.151b76d778
[0m20:10:26.261763 [debug] [Thread-1 (]: Writing injected SQL for node "test.dbt_project_1.not_null_my_second_dbt_model_id.151b76d778"
[0m20:10:26.280095 [debug] [Thread-1 (]: Began executing node test.dbt_project_1.not_null_my_second_dbt_model_id.151b76d778
[0m20:10:26.288079 [debug] [Thread-1 (]: Finished running node test.dbt_project_1.not_null_my_second_dbt_model_id.151b76d778
[0m20:10:26.290308 [debug] [Thread-1 (]: Began running node test.dbt_project_1.unique_my_second_dbt_model_id.57a0f8c493
[0m20:10:26.292317 [debug] [Thread-1 (]: Re-using an available connection from the pool (formerly test.dbt_project_1.not_null_my_second_dbt_model_id.151b76d778, now test.dbt_project_1.unique_my_second_dbt_model_id.57a0f8c493)
[0m20:10:26.295371 [debug] [Thread-1 (]: Began compiling node test.dbt_project_1.unique_my_second_dbt_model_id.57a0f8c493
[0m20:10:26.327353 [debug] [Thread-1 (]: Writing injected SQL for node "test.dbt_project_1.unique_my_second_dbt_model_id.57a0f8c493"
[0m20:10:26.347901 [debug] [Thread-1 (]: Began executing node test.dbt_project_1.unique_my_second_dbt_model_id.57a0f8c493
[0m20:10:26.356083 [debug] [Thread-1 (]: Finished running node test.dbt_project_1.unique_my_second_dbt_model_id.57a0f8c493
[0m20:10:26.360602 [debug] [MainThread]: Connection 'master' was properly closed.
[0m20:10:26.360602 [debug] [MainThread]: Connection 'list_dev_main' was properly closed.
[0m20:10:26.360602 [debug] [MainThread]: Connection 'test.dbt_project_1.unique_my_second_dbt_model_id.57a0f8c493' was properly closed.
[0m20:10:26.374690 [debug] [MainThread]: Command end result
[0m20:10:27.372825 [debug] [MainThread]: Wrote artifact WritableManifest to C:\Users\gurs\Documents\gs_dbt_project\dbt_project_1\target\manifest.json
[0m20:10:27.430184 [debug] [MainThread]: Wrote artifact SemanticManifest to C:\Users\gurs\Documents\gs_dbt_project\dbt_project_1\target\semantic_manifest.json
[0m20:10:27.603197 [debug] [MainThread]: Wrote artifact OsiDocument to C:\Users\gurs\Documents\gs_dbt_project\dbt_project_1\target\osi_document.json
[0m20:10:27.678920 [debug] [MainThread]: Wrote artifact RunExecutionResult to C:\Users\gurs\Documents\gs_dbt_project\dbt_project_1\target\run_results.json
[0m20:10:27.715158 [debug] [MainThread]: Acquiring new duckdb connection 'generate_catalog'
[0m20:10:27.719622 [info ] [MainThread]: Building catalog
[0m20:10:27.795163 [debug] [ThreadPool]: Acquiring new duckdb connection 'dev.information_schema'
[0m20:10:27.894272 [debug] [ThreadPool]: Using duckdb connection "dev.information_schema"
[0m20:10:27.896288 [debug] [ThreadPool]: On dev.information_schema: /* {"app": "dbt", "dbt_version": "1.12.3", "profile_name": "dbt_project_1", "target_name": "dev_duckdb", "connection_name": "dev.information_schema"} */

    
    with tables as (
      select *
    from (
        select
            t.database_name as table_database,
            t.schema_name as table_schema,
            t.table_name as table_name,
            'BASE TABLE' as table_type,
            t.comment as table_comment
        from duckdb_tables() t
        where upper(t.database_name) = upper('dev')

        union all

        select
            v.database_name as table_database,
            v.schema_name as table_schema,
            v.view_name as table_name,
            'VIEW' as table_type,
            v.comment as table_comment
        from duckdb_views() v
        where upper(v.database_name) = upper('dev')
    ) catalog_tables
      
        where (

                (
                    upper(table_schema) = upper('main')
                    and upper(table_name) = upper('stg_customers')
                ) or 

                (
                    upper(table_schema) = upper('main')
                    and upper(table_name) = upper('stg_payments')
                ) or 

                (
                    upper(table_schema) = upper('main')
                    and upper(table_name) = upper('raw_customers')
                ) or 

                (
                    upper(table_schema) = upper('main')
                    and upper(table_name) = upper('raw_orders')
                ) or 

                (
                    upper(table_schema) = upper('main')
                    and upper(table_name) = upper('my_second_dbt_model')
                ) or 

                (
                    upper(table_schema) = upper('main')
                    and upper(table_name) = upper('raw_payments')
                ) or 

                (
                    upper(table_schema) = upper('main')
                    and upper(table_name) = upper('stg_orders')
                ) or 

                (
                    upper(table_schema) = upper('main')
                    and upper(table_name) = upper('my_first_dbt_model')
                ))
    
    ),
    columns as (
      select *
    from (
        select
            c.database_name as table_database,
            c.schema_name as table_schema,
            c.table_name as table_name,
            c.column_name as column_name,
            c.column_index as column_index,
            c.data_type as column_type,
            c.comment as column_comment
        from duckdb_columns() c
        where upper(c.database_name) = upper('dev')
    ) catalog_columns
      
        where (

                (
                    upper(table_schema) = upper('main')
                    and upper(table_name) = upper('stg_customers')
                ) or 

                (
                    upper(table_schema) = upper('main')
                    and upper(table_name) = upper('stg_payments')
                ) or 

                (
                    upper(table_schema) = upper('main')
                    and upper(table_name) = upper('raw_customers')
                ) or 

                (
                    upper(table_schema) = upper('main')
                    and upper(table_name) = upper('raw_orders')
                ) or 

                (
                    upper(table_schema) = upper('main')
                    and upper(table_name) = upper('my_second_dbt_model')
                ) or 

                (
                    upper(table_schema) = upper('main')
                    and upper(table_name) = upper('raw_payments')
                ) or 

                (
                    upper(table_schema) = upper('main')
                    and upper(table_name) = upper('stg_orders')
                ) or 

                (
                    upper(table_schema) = upper('main')
                    and upper(table_name) = upper('my_first_dbt_model')
                ))
    
    )
    select
        tables.table_database,
        tables.table_schema,
        tables.table_name,
        tables.table_type,
        tables.table_comment,
        columns.column_name,
        columns.column_index,
        columns.column_type,
        columns.column_comment,
        null as table_owner
    from tables
    join columns using (table_database, table_schema, table_name)
    order by table_schema, table_name, column_index
  
  
[0m20:10:27.902922 [debug] [ThreadPool]: Opening a new connection, currently in state init
[0m20:10:27.998318 [debug] [ThreadPool]: SQL status: OK in 0.094 seconds
[0m20:10:28.019814 [debug] [ThreadPool]: On dev.information_schema: Close
[0m20:10:28.078338 [debug] [MainThread]: Wrote artifact CatalogArtifact to C:\Users\gurs\Documents\gs_dbt_project\dbt_project_1\target\catalog.json
[0m20:10:28.274390 [debug] [MainThread]: Wrote artifact WritableManifest to C:\Users\gurs\Documents\gs_dbt_project\dbt_project_1\target\manifest.json
[0m20:10:28.330004 [debug] [MainThread]: Wrote artifact SemanticManifest to C:\Users\gurs\Documents\gs_dbt_project\dbt_project_1\target\semantic_manifest.json
[0m20:10:28.361523 [debug] [MainThread]: Wrote artifact OsiDocument to C:\Users\gurs\Documents\gs_dbt_project\dbt_project_1\target\osi_document.json
[0m20:10:28.365595 [info ] [MainThread]: Catalog written to C:\Users\gurs\Documents\gs_dbt_project\dbt_project_1\target\catalog.json
[0m20:10:28.376016 [debug] [MainThread]: Command `dbt docs generate` succeeded at 20:10:28.376016 after 15.22 seconds
[0m20:10:28.377428 [debug] [MainThread]: Connection 'generate_catalog' was properly closed.
[0m20:10:28.379010 [debug] [MainThread]: Connection 'dev.information_schema' was properly closed.
[0m20:10:28.380472 [debug] [MainThread]: Sending event: {'category': 'dbt', 'action': 'invocation', 'label': 'end', 'context': [<snowplow_tracker.self_describing_json.SelfDescribingJson object at 0x0000020872E2FFE0>, <snowplow_tracker.self_describing_json.SelfDescribingJson object at 0x000002087557E1B0>, <snowplow_tracker.self_describing_json.SelfDescribingJson object at 0x0000020872EF6000>]}
[0m20:10:28.386327 [debug] [MainThread]: Flushing usage events
[0m20:10:30.632916 [debug] [MainThread]: An error was encountered while trying to flush usage events
[0m20:10:47.125893 [debug] [MainThread]: Sending event: {'category': 'dbt', 'action': 'invocation', 'label': 'start', 'context': [<snowplow_tracker.self_describing_json.SelfDescribingJson object at 0x0000025A98F761E0>, <snowplow_tracker.self_describing_json.SelfDescribingJson object at 0x0000025A98F741A0>, <snowplow_tracker.self_describing_json.SelfDescribingJson object at 0x0000025A98F744A0>]}


============================== 20:10:47.142106 | b3a864f9-744e-49d6-862a-318c7511e598 ==============================
[0m20:10:47.142106 [info ] [MainThread]: Running with dbt=1.12.3
[0m20:10:47.142106 [debug] [MainThread]: running dbt with arguments {'static_parser': 'True', 'no_print': 'None', 'version_check': 'True', 'warn_error_options': 'WarnErrorOptionsV2(error=[], warn=[], silence=[])', 'target_path': 'None', 'maximum_seed_size_mib': '1', 'printer_width': '80', 'write_json': 'True', 'introspect': 'True', 'log_cache_events': 'False', 'empty': 'None', 'cache_selected_only': 'False', 'fail_fast': 'False', 'debug': 'False', 'log_format': 'default', 'partial_parse': 'True', 'send_anonymous_usage_stats': 'True', 'quiet': 'False', 'warn_error': 'None', 'profiles_dir': 'C:\\Users\\gurs\\.dbt', 'indirect_selection': 'eager', 'hints_enabled': 'True', 'use_colors': 'True', 'use_experimental_parser': 'False', 'invocation_command': 'dbt docs serve', 'log_path': 'C:\\Users\\gurs\\Documents\\gs_dbt_project\\dbt_project_1\\logs'}
[0m20:10:47.716537 [debug] [MainThread]: Sending event: {'category': 'dbt', 'action': 'project_id', 'label': 'b3a864f9-744e-49d6-862a-318c7511e598', 'context': [<snowplow_tracker.self_describing_json.SelfDescribingJson object at 0x0000025A971E4DD0>]}
[0m20:10:47.827684 [debug] [MainThread]: Sending event: {'category': 'dbt', 'action': 'adapter_info', 'label': 'b3a864f9-744e-49d6-862a-318c7511e598', 'context': [<snowplow_tracker.self_describing_json.SelfDescribingJson object at 0x0000025A9926B470>]}
[0m20:14:53.553812 [error] [MainThread]: [[31mERROR[0m]: Encountered an error:

[0m20:14:53.565076 [error] [MainThread]: Traceback (most recent call last):
  File "C:\Users\gurs\Documents\gs_dbt_project\.venv\Lib\site-packages\dbt\cli\requires.py", line 198, in wrapper
    result, success = func(*args, **kwargs)
                      ^^^^^^^^^^^^^^^^^^^^^
  File "C:\Users\gurs\Documents\gs_dbt_project\.venv\Lib\site-packages\dbt\cli\requires.py", line 144, in wrapper
    return func(*args, **kwargs)
           ^^^^^^^^^^^^^^^^^^^^^
  File "C:\Users\gurs\Documents\gs_dbt_project\.venv\Lib\site-packages\dbt\cli\requires.py", line 295, in wrapper
    return func(*args, **kwargs)
           ^^^^^^^^^^^^^^^^^^^^^
  File "C:\Users\gurs\Documents\gs_dbt_project\.venv\Lib\site-packages\dbt\cli\requires.py", line 340, in wrapper
    return func(*args, **kwargs)
           ^^^^^^^^^^^^^^^^^^^^^
  File "C:\Users\gurs\Documents\gs_dbt_project\.venv\Lib\site-packages\dbt\cli\requires.py", line 387, in wrapper
    return func(*args, **kwargs)
           ^^^^^^^^^^^^^^^^^^^^^
  File "C:\Users\gurs\Documents\gs_dbt_project\.venv\Lib\site-packages\dbt\cli\main.py", line 323, in docs_serve
    results = task.run()
              ^^^^^^^^^^
  File "C:\Users\gurs\Documents\gs_dbt_project\.venv\Lib\site-packages\dbt\task\docs\serve.py", line 29, in run
    httpd.serve_forever()
  File "C:\Users\gurs\AppData\Local\Programs\Python\Python312\Lib\socketserver.py", line 235, in serve_forever
    ready = selector.select(poll_interval)
            ^^^^^^^^^^^^^^^^^^^^^^^^^^^^^^
  File "C:\Users\gurs\AppData\Local\Programs\Python\Python312\Lib\selectors.py", line 323, in select
    r, w, _ = self._select(self._readers, self._writers, [], timeout)
              ^^^^^^^^^^^^^^^^^^^^^^^^^^^^^^^^^^^^^^^^^^^^^^^^^^^^^^^
  File "C:\Users\gurs\AppData\Local\Programs\Python\Python312\Lib\selectors.py", line 314, in _select
    r, w, x = select.select(r, w, w, timeout)
              ^^^^^^^^^^^^^^^^^^^^^^^^^^^^^^^
KeyboardInterrupt

[0m20:14:53.569900 [debug] [MainThread]: Command `dbt docs serve` failed at 20:14:53.567287 after 247.00 seconds
[0m20:14:53.571020 [debug] [MainThread]: Sending event: {'category': 'dbt', 'action': 'invocation', 'label': 'end', 'context': [<snowplow_tracker.self_describing_json.SelfDescribingJson object at 0x0000025A963247D0>, <snowplow_tracker.self_describing_json.SelfDescribingJson object at 0x0000025A994E6810>, <snowplow_tracker.self_describing_json.SelfDescribingJson object at 0x0000025A9916B8C0>]}
[0m20:14:53.571929 [debug] [MainThread]: Flushing usage events
[0m20:14:54.782999 [debug] [MainThread]: An error was encountered while trying to flush usage events
[0m20:15:35.993246 [debug] [MainThread]: Sending event: {'category': 'dbt', 'action': 'invocation', 'label': 'start', 'context': [<snowplow_tracker.self_describing_json.SelfDescribingJson object at 0x000002271863DD60>, <snowplow_tracker.self_describing_json.SelfDescribingJson object at 0x000002271B7D1FA0>, <snowplow_tracker.self_describing_json.SelfDescribingJson object at 0x000002271B6681A0>]}


============================== 20:15:36.005539 | e0e9cc17-357a-45d0-b880-12b694d43a01 ==============================
[0m20:15:36.005539 [info ] [MainThread]: Running with dbt=1.12.3
[0m20:15:36.007239 [debug] [MainThread]: running dbt with arguments {'version_check': 'True', 'no_print': 'None', 'static_parser': 'True', 'warn_error_options': 'WarnErrorOptionsV2(error=[], warn=[], silence=[])', 'target_path': 'None', 'maximum_seed_size_mib': '1', 'printer_width': '80', 'write_json': 'True', 'introspect': 'True', 'log_cache_events': 'False', 'empty': 'False', 'cache_selected_only': 'False', 'fail_fast': 'False', 'debug': 'False', 'log_format': 'default', 'profiles_dir': 'C:\\Users\\gurs\\.dbt', 'send_anonymous_usage_stats': 'True', 'quiet': 'False', 'warn_error': 'None', 'partial_parse': 'True', 'use_colors': 'True', 'hints_enabled': 'True', 'indirect_selection': 'eager', 'use_experimental_parser': 'False', 'invocation_command': 'dbt run --select staging', 'log_path': 'C:\\Users\\gurs\\Documents\\gs_dbt_project\\dbt_project_1\\logs'}
[0m20:15:36.551241 [debug] [MainThread]: Sending event: {'category': 'dbt', 'action': 'project_id', 'label': 'e0e9cc17-357a-45d0-b880-12b694d43a01', 'context': [<snowplow_tracker.self_describing_json.SelfDescribingJson object at 0x000002271DC7E420>]}
[0m20:15:36.662742 [debug] [MainThread]: Sending event: {'category': 'dbt', 'action': 'adapter_info', 'label': 'e0e9cc17-357a-45d0-b880-12b694d43a01', 'context': [<snowplow_tracker.self_describing_json.SelfDescribingJson object at 0x000002271D8E3EC0>]}
[0m20:15:36.668028 [info ] [MainThread]: Registered adapter: duckdb=1.11.0
[0m20:15:37.458829 [debug] [MainThread]: checksum: e540a061191ca25dcec8cdd954961cf24eb37726dcfe9ac0012df58d683b378a, vars: {}, profile: dbt_project_1, target: dev_duckdb, version: 1.12.3
[0m20:15:37.844475 [debug] [MainThread]: Partial parsing enabled: 0 files deleted, 0 files added, 0 files changed.
[0m20:15:37.844475 [debug] [MainThread]: Nothing changed, skipping partial parsing.
[0m20:15:37.844475 [debug] [MainThread]: Partial parsing enabled, no changes found, skipping parsing
[0m20:15:37.861035 [debug] [MainThread]: Sending event: {'category': 'dbt', 'action': 'load_project', 'label': 'e0e9cc17-357a-45d0-b880-12b694d43a01', 'context': [<snowplow_tracker.self_describing_json.SelfDescribingJson object at 0x000002271DCD7710>]}
[0m20:15:38.065159 [debug] [MainThread]: Wrote artifact WritableManifest to C:\Users\gurs\Documents\gs_dbt_project\dbt_project_1\target\manifest.json
[0m20:15:38.078686 [debug] [MainThread]: Wrote artifact SemanticManifest to C:\Users\gurs\Documents\gs_dbt_project\dbt_project_1\target\semantic_manifest.json
[0m20:15:38.139920 [debug] [MainThread]: Wrote artifact OsiDocument to C:\Users\gurs\Documents\gs_dbt_project\dbt_project_1\target\osi_document.json
[0m20:15:38.174898 [debug] [MainThread]: Sending event: {'category': 'dbt', 'action': 'resource_counts', 'label': 'e0e9cc17-357a-45d0-b880-12b694d43a01', 'context': [<snowplow_tracker.self_describing_json.SelfDescribingJson object at 0x000002271DFF2BD0>]}
[0m20:15:38.174898 [info ] [MainThread]: Found 5 models, 3 seeds, 4 data tests, 500 macros
[0m20:15:38.176908 [debug] [MainThread]: Sending event: {'category': 'dbt', 'action': 'runnable_timing', 'label': 'e0e9cc17-357a-45d0-b880-12b694d43a01', 'context': [<snowplow_tracker.self_describing_json.SelfDescribingJson object at 0x000002271E176BA0>]}
[0m20:15:38.178917 [info ] [MainThread]: 
[0m20:15:38.180923 [info ] [MainThread]: Concurrency: 1 threads (target='dev_duckdb')
[0m20:15:38.182432 [info ] [MainThread]: 
[0m20:15:38.182432 [debug] [MainThread]: Acquiring new duckdb connection 'master'
[0m20:15:38.198156 [debug] [ThreadPool]: Acquiring new duckdb connection 'list_dev'
[0m20:15:38.789626 [debug] [ThreadPool]: Using duckdb connection "list_dev"
[0m20:15:38.794197 [debug] [ThreadPool]: On list_dev: /* {"app": "dbt", "dbt_version": "1.12.3", "profile_name": "dbt_project_1", "target_name": "dev_duckdb", "connection_name": "list_dev"} */

    
    select schema_name
    from system.information_schema.schemata
    
    where lower(catalog_name) = '"dev"'
    
  
  
[0m20:15:38.794197 [debug] [ThreadPool]: Opening a new connection, currently in state init
[0m20:15:38.826881 [debug] [ThreadPool]: SQL status: OK in 0.038 seconds
[0m20:15:38.826881 [debug] [ThreadPool]: On list_dev: Close
[0m20:15:38.826881 [debug] [ThreadPool]: Re-using an available connection from the pool (formerly list_dev, now create_dev_main)
[0m20:15:38.837764 [debug] [ThreadPool]: Creating schema "database: "dev"
schema: "main"
"
[0m20:15:38.847672 [debug] [ThreadPool]: Using duckdb connection "create_dev_main"
[0m20:15:38.847672 [debug] [ThreadPool]: On create_dev_main: /* {"app": "dbt", "dbt_version": "1.12.3", "profile_name": "dbt_project_1", "target_name": "dev_duckdb", "connection_name": "create_dev_main"} */

    
        select type from duckdb_databases()
        where lower(database_name)='dev'
        and type != 'duckdb'
    
  
[0m20:15:38.847672 [debug] [ThreadPool]: Opening a new connection, currently in state closed
[0m20:15:38.847672 [debug] [ThreadPool]: SQL status: OK in 0.001 seconds
[0m20:15:38.847672 [debug] [ThreadPool]: Using duckdb connection "create_dev_main"
[0m20:15:38.847672 [debug] [ThreadPool]: On create_dev_main: BEGIN
[0m20:15:38.847672 [debug] [ThreadPool]: SQL status: OK in 0.000 seconds
[0m20:15:38.847672 [debug] [ThreadPool]: Using duckdb connection "create_dev_main"
[0m20:15:38.847672 [debug] [ThreadPool]: On create_dev_main: /* {"app": "dbt", "dbt_version": "1.12.3", "profile_name": "dbt_project_1", "target_name": "dev_duckdb", "connection_name": "create_dev_main"} */

    
    
        create schema if not exists "dev"."main"
    
[0m20:15:38.847672 [debug] [ThreadPool]: SQL status: OK in 0.000 seconds
[0m20:15:38.847672 [debug] [ThreadPool]: On create_dev_main: COMMIT
[0m20:15:38.847672 [debug] [ThreadPool]: Using duckdb connection "create_dev_main"
[0m20:15:38.847672 [debug] [ThreadPool]: On create_dev_main: COMMIT
[0m20:15:38.859622 [debug] [ThreadPool]: SQL status: OK in 0.001 seconds
[0m20:15:38.859622 [debug] [ThreadPool]: On create_dev_main: Close
[0m20:15:38.859622 [debug] [ThreadPool]: Acquiring new duckdb connection 'list_dev_main'
[0m20:15:38.870520 [debug] [ThreadPool]: Using duckdb connection "list_dev_main"
[0m20:15:38.871164 [debug] [ThreadPool]: On list_dev_main: BEGIN
[0m20:15:38.871726 [debug] [ThreadPool]: Opening a new connection, currently in state init
[0m20:15:38.872868 [debug] [ThreadPool]: SQL status: OK in 0.001 seconds
[0m20:15:38.873461 [debug] [ThreadPool]: Using duckdb connection "list_dev_main"
[0m20:15:38.874037 [debug] [ThreadPool]: On list_dev_main: /* {"app": "dbt", "dbt_version": "1.12.3", "profile_name": "dbt_project_1", "target_name": "dev_duckdb", "connection_name": "list_dev_main"} */
select
      'dev' as database,
      table_name as name,
      table_schema as schema,
      CASE table_type
        WHEN 'BASE TABLE' THEN 'table'
        WHEN 'VIEW' THEN 'view'
        WHEN 'LOCAL TEMPORARY' THEN 'table'
        END as type
    from system.information_schema.tables
    where lower(table_schema) = 'main'
    and lower(table_catalog) = 'dev'
  
[0m20:15:38.881816 [debug] [ThreadPool]: SQL status: OK in 0.008 seconds
[0m20:15:38.881816 [debug] [ThreadPool]: On list_dev_main: ROLLBACK
[0m20:15:38.881816 [debug] [ThreadPool]: On list_dev_main: Close
[0m20:15:38.881816 [debug] [MainThread]: Sending event: {'category': 'dbt', 'action': 'runnable_timing', 'label': 'e0e9cc17-357a-45d0-b880-12b694d43a01', 'context': [<snowplow_tracker.self_describing_json.SelfDescribingJson object at 0x000002271E1760C0>]}
[0m20:15:38.881816 [debug] [MainThread]: Using duckdb connection "master"
[0m20:15:38.881816 [debug] [MainThread]: On master: BEGIN
[0m20:15:38.881816 [debug] [MainThread]: Opening a new connection, currently in state init
[0m20:15:38.881816 [debug] [MainThread]: SQL status: OK in 0.001 seconds
[0m20:15:38.881816 [debug] [MainThread]: On master: COMMIT
[0m20:15:38.881816 [debug] [MainThread]: Using duckdb connection "master"
[0m20:15:38.881816 [debug] [MainThread]: On master: COMMIT
[0m20:15:38.890647 [debug] [MainThread]: SQL status: OK in 0.001 seconds
[0m20:15:38.890647 [debug] [MainThread]: On master: Close
[0m20:15:38.902581 [debug] [Thread-1 (]: Began running node model.dbt_project_1.stg_customers
[0m20:15:38.907186 [info ] [Thread-1 (]: 1 of 3 START sql view model main.stg_customers ................................. [RUN]
[0m20:15:38.909269 [debug] [Thread-1 (]: Acquiring new duckdb connection 'model.dbt_project_1.stg_customers'
[0m20:15:38.910039 [debug] [Thread-1 (]: Began compiling node model.dbt_project_1.stg_customers
[0m20:15:38.910039 [debug] [Thread-1 (]: Writing injected SQL for node "model.dbt_project_1.stg_customers"
[0m20:15:38.910039 [debug] [Thread-1 (]: Began executing node model.dbt_project_1.stg_customers
[0m20:15:38.961472 [debug] [Thread-1 (]: Writing runtime sql for node "model.dbt_project_1.stg_customers"
[0m20:15:38.967606 [debug] [Thread-1 (]: Using duckdb connection "model.dbt_project_1.stg_customers"
[0m20:15:38.967606 [debug] [Thread-1 (]: On model.dbt_project_1.stg_customers: BEGIN
[0m20:15:38.967606 [debug] [Thread-1 (]: Opening a new connection, currently in state init
[0m20:15:38.967606 [debug] [Thread-1 (]: SQL status: OK in 0.002 seconds
[0m20:15:38.975859 [debug] [Thread-1 (]: Using duckdb connection "model.dbt_project_1.stg_customers"
[0m20:15:38.975859 [debug] [Thread-1 (]: On model.dbt_project_1.stg_customers: /* {"app": "dbt", "dbt_version": "1.12.3", "profile_name": "dbt_project_1", "target_name": "dev_duckdb", "node_id": "model.dbt_project_1.stg_customers"} */

  
  create view "dev"."main"."stg_customers__dbt_tmp" as (
    with source as (
    select * from "dev"."main"."raw_customers"
),

renamed as (
    select
        customer_id,
        customer_unique_id,
        customer_zip_code_prefix as zip_code,
        lower(customer_city) as city,
        upper(customer_state) as state
    from source
)

select * from renamed
  );

[0m20:15:38.980144 [debug] [Thread-1 (]: SQL status: OK in 0.002 seconds
[0m20:15:38.989098 [debug] [Thread-1 (]: Using duckdb connection "model.dbt_project_1.stg_customers"
[0m20:15:38.989098 [debug] [Thread-1 (]: On model.dbt_project_1.stg_customers: /* {"app": "dbt", "dbt_version": "1.12.3", "profile_name": "dbt_project_1", "target_name": "dev_duckdb", "node_id": "model.dbt_project_1.stg_customers"} */
alter view "dev"."main"."stg_customers__dbt_tmp" rename to "stg_customers"
[0m20:15:38.991121 [debug] [Thread-1 (]: SQL status: OK in 0.000 seconds
[0m20:15:39.009305 [debug] [Thread-1 (]: On model.dbt_project_1.stg_customers: COMMIT
[0m20:15:39.009967 [debug] [Thread-1 (]: Using duckdb connection "model.dbt_project_1.stg_customers"
[0m20:15:39.011993 [debug] [Thread-1 (]: On model.dbt_project_1.stg_customers: COMMIT
[0m20:15:39.016119 [debug] [Thread-1 (]: SQL status: OK in 0.008 seconds
[0m20:15:39.025350 [debug] [Thread-1 (]: Using duckdb connection "model.dbt_project_1.stg_customers"
[0m20:15:39.025350 [debug] [Thread-1 (]: On model.dbt_project_1.stg_customers: /* {"app": "dbt", "dbt_version": "1.12.3", "profile_name": "dbt_project_1", "target_name": "dev_duckdb", "node_id": "model.dbt_project_1.stg_customers"} */

      drop view if exists "dev"."main"."stg_customers__dbt_backup" cascade
    
[0m20:15:39.025350 [debug] [Thread-1 (]: SQL status: OK in 0.001 seconds
[0m20:15:39.025350 [debug] [Thread-1 (]: On model.dbt_project_1.stg_customers: Close
[0m20:15:39.025350 [debug] [Thread-1 (]: Sending event: {'category': 'dbt', 'action': 'run_model', 'label': 'e0e9cc17-357a-45d0-b880-12b694d43a01', 'context': [<snowplow_tracker.self_describing_json.SelfDescribingJson object at 0x000002271DC9BD10>]}
[0m20:15:39.025350 [info ] [Thread-1 (]: 1 of 3 OK created sql view model main.stg_customers ............................ [[32mOK[0m in 0.12s]
[0m20:15:39.025350 [debug] [Thread-1 (]: Finished running node model.dbt_project_1.stg_customers
[0m20:15:39.042145 [debug] [Thread-1 (]: Began running node model.dbt_project_1.stg_orders
[0m20:15:39.043162 [info ] [Thread-1 (]: 2 of 3 START sql view model main.stg_orders .................................... [RUN]
[0m20:15:39.044100 [debug] [Thread-1 (]: Re-using an available connection from the pool (formerly model.dbt_project_1.stg_customers, now model.dbt_project_1.stg_orders)
[0m20:15:39.044100 [debug] [Thread-1 (]: Began compiling node model.dbt_project_1.stg_orders
[0m20:15:39.050207 [debug] [Thread-1 (]: Writing injected SQL for node "model.dbt_project_1.stg_orders"
[0m20:15:39.052757 [debug] [Thread-1 (]: Began executing node model.dbt_project_1.stg_orders
[0m20:15:39.073212 [debug] [Thread-1 (]: Writing runtime sql for node "model.dbt_project_1.stg_orders"
[0m20:15:39.136390 [debug] [Thread-1 (]: Using duckdb connection "model.dbt_project_1.stg_orders"
[0m20:15:39.139198 [debug] [Thread-1 (]: On model.dbt_project_1.stg_orders: BEGIN
[0m20:15:39.141209 [debug] [Thread-1 (]: Opening a new connection, currently in state closed
[0m20:15:39.141795 [debug] [Thread-1 (]: SQL status: OK in 0.002 seconds
[0m20:15:39.141795 [debug] [Thread-1 (]: Using duckdb connection "model.dbt_project_1.stg_orders"
[0m20:15:39.143813 [debug] [Thread-1 (]: On model.dbt_project_1.stg_orders: /* {"app": "dbt", "dbt_version": "1.12.3", "profile_name": "dbt_project_1", "target_name": "dev_duckdb", "node_id": "model.dbt_project_1.stg_orders"} */

  
  create view "dev"."main"."stg_orders__dbt_tmp" as (
    with source as (
    select * from "dev"."main"."raw_orders"
),

renamed as (
    select
        order_id,
        customer_id,
        order_status,
        cast(order_purchase_timestamp as timestamp) as purchased_at,
        cast(order_approved_at as timestamp) as approved_at,
        cast(order_delivered_carrier_date as timestamp) as shipped_at,
        cast(order_delivered_customer_date as timestamp) as delivered_at,
        cast(order_estimated_delivery_date as timestamp) as estimated_delivery_at
    from source
)

select * from renamed
  );

[0m20:15:39.145827 [debug] [Thread-1 (]: SQL status: OK in 0.002 seconds
[0m20:15:39.152199 [debug] [Thread-1 (]: Using duckdb connection "model.dbt_project_1.stg_orders"
[0m20:15:39.154208 [debug] [Thread-1 (]: On model.dbt_project_1.stg_orders: /* {"app": "dbt", "dbt_version": "1.12.3", "profile_name": "dbt_project_1", "target_name": "dev_duckdb", "node_id": "model.dbt_project_1.stg_orders"} */
alter view "dev"."main"."stg_orders__dbt_tmp" rename to "stg_orders"
[0m20:15:39.159591 [debug] [Thread-1 (]: SQL status: OK in 0.001 seconds
[0m20:15:39.164633 [debug] [Thread-1 (]: On model.dbt_project_1.stg_orders: COMMIT
[0m20:15:39.166404 [debug] [Thread-1 (]: Using duckdb connection "model.dbt_project_1.stg_orders"
[0m20:15:39.166940 [debug] [Thread-1 (]: On model.dbt_project_1.stg_orders: COMMIT
[0m20:15:39.171672 [debug] [Thread-1 (]: SQL status: OK in 0.004 seconds
[0m20:15:39.173688 [debug] [Thread-1 (]: Using duckdb connection "model.dbt_project_1.stg_orders"
[0m20:15:39.175706 [debug] [Thread-1 (]: On model.dbt_project_1.stg_orders: /* {"app": "dbt", "dbt_version": "1.12.3", "profile_name": "dbt_project_1", "target_name": "dev_duckdb", "node_id": "model.dbt_project_1.stg_orders"} */

      drop view if exists "dev"."main"."stg_orders__dbt_backup" cascade
    
[0m20:15:39.177732 [debug] [Thread-1 (]: SQL status: OK in 0.001 seconds
[0m20:15:39.181339 [debug] [Thread-1 (]: On model.dbt_project_1.stg_orders: Close
[0m20:15:39.183356 [debug] [Thread-1 (]: Sending event: {'category': 'dbt', 'action': 'run_model', 'label': 'e0e9cc17-357a-45d0-b880-12b694d43a01', 'context': [<snowplow_tracker.self_describing_json.SelfDescribingJson object at 0x000002271E44E960>]}
[0m20:15:39.183356 [info ] [Thread-1 (]: 2 of 3 OK created sql view model main.stg_orders ............................... [[32mOK[0m in 0.14s]
[0m20:15:39.185379 [debug] [Thread-1 (]: Finished running node model.dbt_project_1.stg_orders
[0m20:15:39.186750 [debug] [Thread-1 (]: Began running node model.dbt_project_1.stg_payments
[0m20:15:39.186750 [info ] [Thread-1 (]: 3 of 3 START sql view model main.stg_payments .................................. [RUN]
[0m20:15:39.188769 [debug] [Thread-1 (]: Re-using an available connection from the pool (formerly model.dbt_project_1.stg_orders, now model.dbt_project_1.stg_payments)
[0m20:15:39.190205 [debug] [Thread-1 (]: Began compiling node model.dbt_project_1.stg_payments
[0m20:15:39.193256 [debug] [Thread-1 (]: Writing injected SQL for node "model.dbt_project_1.stg_payments"
[0m20:15:39.198730 [debug] [Thread-1 (]: Began executing node model.dbt_project_1.stg_payments
[0m20:15:39.207654 [debug] [Thread-1 (]: Writing runtime sql for node "model.dbt_project_1.stg_payments"
[0m20:15:39.215061 [debug] [Thread-1 (]: Using duckdb connection "model.dbt_project_1.stg_payments"
[0m20:15:39.215061 [debug] [Thread-1 (]: On model.dbt_project_1.stg_payments: BEGIN
[0m20:15:39.216266 [debug] [Thread-1 (]: Opening a new connection, currently in state closed
[0m20:15:39.218281 [debug] [Thread-1 (]: SQL status: OK in 0.001 seconds
[0m20:15:39.218281 [debug] [Thread-1 (]: Using duckdb connection "model.dbt_project_1.stg_payments"
[0m20:15:39.219790 [debug] [Thread-1 (]: On model.dbt_project_1.stg_payments: /* {"app": "dbt", "dbt_version": "1.12.3", "profile_name": "dbt_project_1", "target_name": "dev_duckdb", "node_id": "model.dbt_project_1.stg_payments"} */

  
  create view "dev"."main"."stg_payments__dbt_tmp" as (
    with source as (
    select * from "dev"."main"."raw_payments"
),

renamed as (
    select
        order_id,
        payment_sequential,
        payment_type,
        cast(payment_installments as integer) as payment_installments,
        cast(payment_value as double) as payment_amount
    from source
)

select * from renamed
  );

[0m20:15:39.221923 [debug] [Thread-1 (]: SQL status: OK in 0.001 seconds
[0m20:15:39.227771 [debug] [Thread-1 (]: Using duckdb connection "model.dbt_project_1.stg_payments"
[0m20:15:39.228759 [debug] [Thread-1 (]: On model.dbt_project_1.stg_payments: /* {"app": "dbt", "dbt_version": "1.12.3", "profile_name": "dbt_project_1", "target_name": "dev_duckdb", "node_id": "model.dbt_project_1.stg_payments"} */
alter view "dev"."main"."stg_payments__dbt_tmp" rename to "stg_payments"
[0m20:15:39.230858 [debug] [Thread-1 (]: SQL status: OK in 0.001 seconds
[0m20:15:39.235726 [debug] [Thread-1 (]: On model.dbt_project_1.stg_payments: COMMIT
[0m20:15:39.235726 [debug] [Thread-1 (]: Using duckdb connection "model.dbt_project_1.stg_payments"
[0m20:15:39.235726 [debug] [Thread-1 (]: On model.dbt_project_1.stg_payments: COMMIT
[0m20:15:39.239756 [debug] [Thread-1 (]: SQL status: OK in 0.003 seconds
[0m20:15:39.244536 [debug] [Thread-1 (]: Using duckdb connection "model.dbt_project_1.stg_payments"
[0m20:15:39.244536 [debug] [Thread-1 (]: On model.dbt_project_1.stg_payments: /* {"app": "dbt", "dbt_version": "1.12.3", "profile_name": "dbt_project_1", "target_name": "dev_duckdb", "node_id": "model.dbt_project_1.stg_payments"} */

      drop view if exists "dev"."main"."stg_payments__dbt_backup" cascade
    
[0m20:15:39.245733 [debug] [Thread-1 (]: SQL status: OK in 0.001 seconds
[0m20:15:39.249339 [debug] [Thread-1 (]: On model.dbt_project_1.stg_payments: Close
[0m20:15:39.249339 [debug] [Thread-1 (]: Sending event: {'category': 'dbt', 'action': 'run_model', 'label': 'e0e9cc17-357a-45d0-b880-12b694d43a01', 'context': [<snowplow_tracker.self_describing_json.SelfDescribingJson object at 0x000002271E41DF10>]}
[0m20:15:39.251354 [info ] [Thread-1 (]: 3 of 3 OK created sql view model main.stg_payments ............................. [[32mOK[0m in 0.06s]
[0m20:15:39.253370 [debug] [Thread-1 (]: Finished running node model.dbt_project_1.stg_payments
[0m20:15:39.256225 [debug] [MainThread]: Using duckdb connection "master"
[0m20:15:39.256225 [debug] [MainThread]: On master: BEGIN
[0m20:15:39.256225 [debug] [MainThread]: Opening a new connection, currently in state closed
[0m20:15:39.258233 [debug] [MainThread]: SQL status: OK in 0.001 seconds
[0m20:15:39.258233 [debug] [MainThread]: On master: COMMIT
[0m20:15:39.260243 [debug] [MainThread]: Using duckdb connection "master"
[0m20:15:39.261752 [debug] [MainThread]: On master: COMMIT
[0m20:15:39.261752 [debug] [MainThread]: SQL status: OK in 0.000 seconds
[0m20:15:39.261752 [debug] [MainThread]: On master: Close
[0m20:15:39.263858 [debug] [MainThread]: Connection 'master' was properly closed.
[0m20:15:39.263858 [debug] [MainThread]: Connection 'create_dev_main' was properly closed.
[0m20:15:39.263858 [debug] [MainThread]: Connection 'list_dev_main' was properly closed.
[0m20:15:39.265866 [debug] [MainThread]: Connection 'model.dbt_project_1.stg_payments' was properly closed.
[0m20:15:39.265866 [info ] [MainThread]: 
[0m20:15:39.267875 [info ] [MainThread]: Finished running 3 view models in 0 hours 0 minutes and 1.08 seconds (1.08s).
[0m20:15:39.269522 [debug] [MainThread]: Command end result
[0m20:15:39.365318 [debug] [MainThread]: Wrote artifact WritableManifest to C:\Users\gurs\Documents\gs_dbt_project\dbt_project_1\target\manifest.json
[0m20:15:39.379779 [debug] [MainThread]: Wrote artifact SemanticManifest to C:\Users\gurs\Documents\gs_dbt_project\dbt_project_1\target\semantic_manifest.json
[0m20:15:39.397301 [debug] [MainThread]: Wrote artifact OsiDocument to C:\Users\gurs\Documents\gs_dbt_project\dbt_project_1\target\osi_document.json
[0m20:15:39.418160 [debug] [MainThread]: Wrote artifact RunExecutionResult to C:\Users\gurs\Documents\gs_dbt_project\dbt_project_1\target\run_results.json
[0m20:15:39.418683 [info ] [MainThread]: 
[0m20:15:39.418683 [info ] [MainThread]: [32mCompleted successfully[0m
[0m20:15:39.420693 [info ] [MainThread]: 
[0m20:15:39.422283 [info ] [MainThread]: Done. PASS=3 WARN=0 ERROR=0 SKIP=0 NO-OP=0 REUSED=0 TOTAL=3
[0m20:15:39.424297 [debug] [MainThread]: Command `dbt run` succeeded at 20:15:39.424297 after 4.12 seconds
[0m20:15:39.425067 [debug] [MainThread]: Sending event: {'category': 'dbt', 'action': 'invocation', 'label': 'end', 'context': [<snowplow_tracker.self_describing_json.SelfDescribingJson object at 0x000002271BC44350>, <snowplow_tracker.self_describing_json.SelfDescribingJson object at 0x000002271B52F3E0>, <snowplow_tracker.self_describing_json.SelfDescribingJson object at 0x000002271B52F2F0>]}
[0m20:15:39.425067 [debug] [MainThread]: Flushing usage events
[0m20:15:40.492714 [debug] [MainThread]: An error was encountered while trying to flush usage events
[0m20:16:40.311815 [debug] [MainThread]: Sending event: {'category': 'dbt', 'action': 'invocation', 'label': 'start', 'context': [<snowplow_tracker.self_describing_json.SelfDescribingJson object at 0x0000021FB92289B0>, <snowplow_tracker.self_describing_json.SelfDescribingJson object at 0x0000021FB6BCFAD0>, <snowplow_tracker.self_describing_json.SelfDescribingJson object at 0x0000021FB75C1DC0>]}


============================== 20:16:40.318143 | 89d1595f-f5a3-4499-9f3b-7d28b8377671 ==============================
[0m20:16:40.318143 [info ] [MainThread]: Running with dbt=1.12.3
[0m20:16:40.318143 [debug] [MainThread]: running dbt with arguments {'version_check': 'True', 'no_print': 'None', 'static_parser': 'True', 'target_path': 'None', 'warn_error_options': 'WarnErrorOptionsV2(error=[], warn=[], silence=[])', 'maximum_seed_size_mib': '1', 'printer_width': '80', 'write_json': 'True', 'empty': 'None', 'log_cache_events': 'False', 'introspect': 'True', 'cache_selected_only': 'False', 'log_format': 'default', 'debug': 'False', 'fail_fast': 'False', 'profiles_dir': 'C:\\Users\\gurs\\.dbt', 'send_anonymous_usage_stats': 'True', 'quiet': 'False', 'warn_error': 'None', 'partial_parse': 'True', 'use_colors': 'True', 'hints_enabled': 'True', 'indirect_selection': 'eager', 'use_experimental_parser': 'False', 'invocation_command': 'dbt test --select staging', 'log_path': 'C:\\Users\\gurs\\Documents\\gs_dbt_project\\dbt_project_1\\logs'}
[0m20:16:40.813041 [debug] [MainThread]: Sending event: {'category': 'dbt', 'action': 'project_id', 'label': '89d1595f-f5a3-4499-9f3b-7d28b8377671', 'context': [<snowplow_tracker.self_describing_json.SelfDescribingJson object at 0x0000021FB4BB77D0>]}
[0m20:16:40.973027 [debug] [MainThread]: Sending event: {'category': 'dbt', 'action': 'adapter_info', 'label': '89d1595f-f5a3-4499-9f3b-7d28b8377671', 'context': [<snowplow_tracker.self_describing_json.SelfDescribingJson object at 0x0000021FB65CFFE0>]}
[0m20:16:40.973027 [info ] [MainThread]: Registered adapter: duckdb=1.11.0
[0m20:16:41.682311 [debug] [MainThread]: checksum: e540a061191ca25dcec8cdd954961cf24eb37726dcfe9ac0012df58d683b378a, vars: {}, profile: dbt_project_1, target: dev_duckdb, version: 1.12.3
[0m20:16:42.046345 [debug] [MainThread]: Partial parsing enabled: 0 files deleted, 0 files added, 0 files changed.
[0m20:16:42.046345 [debug] [MainThread]: Nothing changed, skipping partial parsing.
[0m20:16:42.046345 [debug] [MainThread]: Partial parsing enabled, no changes found, skipping parsing
[0m20:16:42.063042 [debug] [MainThread]: Sending event: {'category': 'dbt', 'action': 'load_project', 'label': '89d1595f-f5a3-4499-9f3b-7d28b8377671', 'context': [<snowplow_tracker.self_describing_json.SelfDescribingJson object at 0x0000021FB4C7AAE0>]}
[0m20:16:42.238852 [debug] [MainThread]: Wrote artifact WritableManifest to C:\Users\gurs\Documents\gs_dbt_project\dbt_project_1\target\manifest.json
[0m20:16:42.250792 [debug] [MainThread]: Wrote artifact SemanticManifest to C:\Users\gurs\Documents\gs_dbt_project\dbt_project_1\target\semantic_manifest.json
[0m20:16:42.305823 [debug] [MainThread]: Wrote artifact OsiDocument to C:\Users\gurs\Documents\gs_dbt_project\dbt_project_1\target\osi_document.json
[0m20:16:42.413694 [debug] [MainThread]: Sending event: {'category': 'dbt', 'action': 'resource_counts', 'label': '89d1595f-f5a3-4499-9f3b-7d28b8377671', 'context': [<snowplow_tracker.self_describing_json.SelfDescribingJson object at 0x0000021FB52802F0>]}
[0m20:16:42.413694 [info ] [MainThread]: Found 5 models, 3 seeds, 4 data tests, 500 macros
[0m20:16:42.413694 [debug] [MainThread]: Sending event: {'category': 'dbt', 'action': 'runnable_timing', 'label': '89d1595f-f5a3-4499-9f3b-7d28b8377671', 'context': [<snowplow_tracker.self_describing_json.SelfDescribingJson object at 0x0000021FB9ECE750>]}
[0m20:16:42.413694 [warn ] [MainThread]: [[33mWARNING[0m]: Nothing to do. Try checking your model configs and model specification args
[0m20:16:42.413694 [debug] [MainThread]: Command end result
[0m20:16:42.473323 [debug] [MainThread]: Wrote artifact WritableManifest to C:\Users\gurs\Documents\gs_dbt_project\dbt_project_1\target\manifest.json
[0m20:16:42.478216 [debug] [MainThread]: Wrote artifact SemanticManifest to C:\Users\gurs\Documents\gs_dbt_project\dbt_project_1\target\semantic_manifest.json
[0m20:16:42.484953 [debug] [MainThread]: Wrote artifact OsiDocument to C:\Users\gurs\Documents\gs_dbt_project\dbt_project_1\target\osi_document.json
[0m20:16:42.494926 [debug] [MainThread]: Wrote artifact RunExecutionResult to C:\Users\gurs\Documents\gs_dbt_project\dbt_project_1\target\run_results.json
[0m20:16:42.494926 [debug] [MainThread]: Command `dbt test` succeeded at 20:16:42.494926 after 2.95 seconds
[0m20:16:42.494926 [debug] [MainThread]: Sending event: {'category': 'dbt', 'action': 'invocation', 'label': 'end', 'context': [<snowplow_tracker.self_describing_json.SelfDescribingJson object at 0x0000021FB750BC20>, <snowplow_tracker.self_describing_json.SelfDescribingJson object at 0x0000021FB6AF3FE0>, <snowplow_tracker.self_describing_json.SelfDescribingJson object at 0x0000021FB9F00440>]}
[0m20:16:42.494926 [debug] [MainThread]: Flushing usage events
[0m20:16:43.412381 [debug] [MainThread]: An error was encountered while trying to flush usage events
[0m20:18:22.116736 [debug] [MainThread]: Sending event: {'category': 'dbt', 'action': 'invocation', 'label': 'start', 'context': [<snowplow_tracker.self_describing_json.SelfDescribingJson object at 0x00000252D2CD6660>, <snowplow_tracker.self_describing_json.SelfDescribingJson object at 0x00000252D53310A0>, <snowplow_tracker.self_describing_json.SelfDescribingJson object at 0x00000252D53327B0>]}


============================== 20:18:22.130684 | 169b6694-abfd-4018-92e3-58837f39a5cc ==============================
[0m20:18:22.130684 [info ] [MainThread]: Running with dbt=1.12.3
[0m20:18:22.130684 [debug] [MainThread]: running dbt with arguments {'version_check': 'True', 'no_print': 'None', 'maximum_seed_size_mib': '1', 'warn_error_options': 'WarnErrorOptionsV2(error=[], warn=[], silence=[])', 'static_parser': 'True', 'target_path': 'None', 'printer_width': '80', 'write_json': 'True', 'introspect': 'True', 'log_cache_events': 'False', 'empty': 'None', 'cache_selected_only': 'False', 'log_format': 'default', 'debug': 'False', 'fail_fast': 'False', 'profiles_dir': 'C:\\Users\\gurs\\.dbt', 'send_anonymous_usage_stats': 'True', 'quiet': 'False', 'warn_error': 'None', 'partial_parse': 'True', 'indirect_selection': 'eager', 'hints_enabled': 'True', 'use_colors': 'True', 'use_experimental_parser': 'False', 'invocation_command': 'dbt show --inline select order_id, order_status from stg_orders limit 10', 'log_path': 'C:\\Users\\gurs\\Documents\\gs_dbt_project\\dbt_project_1\\logs'}
[0m20:18:22.554697 [debug] [MainThread]: Sending event: {'category': 'dbt', 'action': 'project_id', 'label': '169b6694-abfd-4018-92e3-58837f39a5cc', 'context': [<snowplow_tracker.self_describing_json.SelfDescribingJson object at 0x00000252D76E0680>]}
[0m20:18:22.648056 [debug] [MainThread]: Sending event: {'category': 'dbt', 'action': 'adapter_info', 'label': '169b6694-abfd-4018-92e3-58837f39a5cc', 'context': [<snowplow_tracker.self_describing_json.SelfDescribingJson object at 0x00000252D773F140>]}
[0m20:18:22.682920 [info ] [MainThread]: Registered adapter: duckdb=1.11.0
[0m20:18:23.871362 [debug] [MainThread]: checksum: e540a061191ca25dcec8cdd954961cf24eb37726dcfe9ac0012df58d683b378a, vars: {}, profile: dbt_project_1, target: dev_duckdb, version: 1.12.3
[0m20:18:24.306287 [debug] [MainThread]: Partial parsing enabled: 0 files deleted, 0 files added, 0 files changed.
[0m20:18:24.306287 [debug] [MainThread]: Nothing changed, skipping partial parsing.
[0m20:18:24.306287 [debug] [MainThread]: Partial parsing enabled, no changes found, skipping parsing
[0m20:18:24.332218 [debug] [MainThread]: Sending event: {'category': 'dbt', 'action': 'load_project', 'label': '169b6694-abfd-4018-92e3-58837f39a5cc', 'context': [<snowplow_tracker.self_describing_json.SelfDescribingJson object at 0x00000252D7BDFAD0>]}
[0m20:18:24.747556 [debug] [MainThread]: Wrote artifact WritableManifest to C:\Users\gurs\Documents\gs_dbt_project\dbt_project_1\target\manifest.json
[0m20:18:24.760460 [debug] [MainThread]: Wrote artifact SemanticManifest to C:\Users\gurs\Documents\gs_dbt_project\dbt_project_1\target\semantic_manifest.json
[0m20:18:24.826623 [debug] [MainThread]: Wrote artifact OsiDocument to C:\Users\gurs\Documents\gs_dbt_project\dbt_project_1\target\osi_document.json
[0m20:18:25.185785 [debug] [MainThread]: Sending event: {'category': 'dbt', 'action': 'resource_counts', 'label': '169b6694-abfd-4018-92e3-58837f39a5cc', 'context': [<snowplow_tracker.self_describing_json.SelfDescribingJson object at 0x00000252D7AD0F80>]}
[0m20:18:25.185785 [info ] [MainThread]: Found 5 models, 3 seeds, 4 data tests, 1 sql operation, 500 macros
[0m20:18:25.185785 [debug] [MainThread]: Sending event: {'category': 'dbt', 'action': 'runnable_timing', 'label': '169b6694-abfd-4018-92e3-58837f39a5cc', 'context': [<snowplow_tracker.self_describing_json.SelfDescribingJson object at 0x00000252D5ABA8D0>]}
[0m20:18:25.191052 [info ] [MainThread]: 
[0m20:18:25.191052 [info ] [MainThread]: Concurrency: 1 threads (target='dev_duckdb')
[0m20:18:25.191052 [info ] [MainThread]: 
[0m20:18:25.193080 [debug] [MainThread]: Acquiring new duckdb connection 'master'
[0m20:18:25.210605 [debug] [ThreadPool]: Acquiring new duckdb connection 'list_dev_main'
[0m20:18:25.727735 [debug] [ThreadPool]: Using duckdb connection "list_dev_main"
[0m20:18:25.729490 [debug] [ThreadPool]: On list_dev_main: BEGIN
[0m20:18:25.731330 [debug] [ThreadPool]: Opening a new connection, currently in state init
[0m20:18:25.758041 [debug] [ThreadPool]: SQL status: OK in 0.028 seconds
[0m20:18:25.760079 [debug] [ThreadPool]: Using duckdb connection "list_dev_main"
[0m20:18:25.760079 [debug] [ThreadPool]: On list_dev_main: /* {"app": "dbt", "dbt_version": "1.12.3", "profile_name": "dbt_project_1", "target_name": "dev_duckdb", "connection_name": "list_dev_main"} */
select
      'dev' as database,
      table_name as name,
      table_schema as schema,
      CASE table_type
        WHEN 'BASE TABLE' THEN 'table'
        WHEN 'VIEW' THEN 'view'
        WHEN 'LOCAL TEMPORARY' THEN 'table'
        END as type
    from system.information_schema.tables
    where lower(table_schema) = 'main'
    and lower(table_catalog) = 'dev'
  
[0m20:18:25.763295 [debug] [ThreadPool]: SQL status: OK in 0.008 seconds
[0m20:18:25.763295 [debug] [ThreadPool]: On list_dev_main: ROLLBACK
[0m20:18:25.763295 [debug] [ThreadPool]: On list_dev_main: Close
[0m20:18:25.763295 [debug] [MainThread]: Sending event: {'category': 'dbt', 'action': 'runnable_timing', 'label': '169b6694-abfd-4018-92e3-58837f39a5cc', 'context': [<snowplow_tracker.self_describing_json.SelfDescribingJson object at 0x00000252D774C980>]}
[0m20:18:25.779940 [debug] [Thread-1 (]: Began running node sql_operation.dbt_project_1.inline_query
[0m20:18:25.779940 [debug] [Thread-1 (]: Acquiring new duckdb connection 'sql_operation.dbt_project_1.inline_query'
[0m20:18:25.788454 [debug] [Thread-1 (]: Began compiling node sql_operation.dbt_project_1.inline_query
[0m20:18:25.797930 [debug] [Thread-1 (]: Writing injected SQL for node "sql_operation.dbt_project_1.inline_query"
[0m20:18:25.801406 [debug] [Thread-1 (]: Began executing node sql_operation.dbt_project_1.inline_query
[0m20:18:25.812677 [debug] [Thread-1 (]: Using duckdb connection "sql_operation.dbt_project_1.inline_query"
[0m20:18:25.813355 [debug] [Thread-1 (]: On sql_operation.dbt_project_1.inline_query: /* {"app": "dbt", "dbt_version": "1.12.3", "profile_name": "dbt_project_1", "target_name": "dev_duckdb", "node_id": "sql_operation.dbt_project_1.inline_query"} */

  
  select order_id, order_status from stg_orders limit 10
  
  limit 5

[0m20:18:25.814764 [debug] [Thread-1 (]: Opening a new connection, currently in state init
[0m20:18:25.816630 [debug] [Thread-1 (]: DuckDB adapter: duckdb error: Parser Error: syntax error at or near "limit"

LINE 6:   limit 5
          ^
[0m20:18:25.816630 [debug] [Thread-1 (]: DuckDB adapter: Error running SQL: /* {"app": "dbt", "dbt_version": "1.12.3", "profile_name": "dbt_project_1", "target_name": "dev_duckdb", "node_id": "sql_operation.dbt_project_1.inline_query"} */

  
  select order_id, order_status from stg_orders limit 10
  
  limit 5

[0m20:18:25.817234 [debug] [Thread-1 (]: DuckDB adapter: Rolling back transaction.
[0m20:18:25.817835 [debug] [Thread-1 (]: On sql_operation.dbt_project_1.inline_query: Close
[0m20:18:25.829417 [debug] [Thread-1 (]: Runtime Error in sql_operation inline_query (from remote system.sql)
  Parser Error: syntax error at or near "limit"
  
  LINE 6:   limit 5
            ^
[0m20:18:25.830524 [debug] [Thread-1 (]: Finished running node sql_operation.dbt_project_1.inline_query
[0m20:18:25.830524 [debug] [Thread-4 (]: Marking all children of 'sql_operation.dbt_project_1.inline_query' to be skipped because of status 'error'.  Reason: Runtime Error in sql_operation inline_query (from remote system.sql)
  Parser Error: syntax error at or near "limit"
  
  LINE 6:   limit 5
            ^.
[0m20:18:25.830524 [debug] [MainThread]: Connection 'master' was properly closed.
[0m20:18:25.830524 [debug] [MainThread]: Connection 'list_dev_main' was properly closed.
[0m20:18:25.830524 [debug] [MainThread]: Connection 'sql_operation.dbt_project_1.inline_query' was properly closed.
[0m20:18:25.830524 [error] [MainThread]: [[31mERROR[0m]: Encountered an error:
Runtime Error
  Runtime Error in sql_operation inline_query (from remote system.sql)
    Parser Error: syntax error at or near "limit"
    
    LINE 6:   limit 5
              ^
[0m20:18:25.830524 [debug] [MainThread]: Command `dbt show` failed at 20:18:25.830524 after 4.23 seconds
[0m20:18:25.830524 [debug] [MainThread]: Sending event: {'category': 'dbt', 'action': 'invocation', 'label': 'end', 'context': [<snowplow_tracker.self_describing_json.SelfDescribingJson object at 0x00000252D52FC260>, <snowplow_tracker.self_describing_json.SelfDescribingJson object at 0x00000252D7B26540>, <snowplow_tracker.self_describing_json.SelfDescribingJson object at 0x00000252D7AA5AC0>]}
[0m20:18:25.830524 [debug] [MainThread]: Flushing usage events
[0m20:18:26.723902 [debug] [MainThread]: An error was encountered while trying to flush usage events
[0m20:20:21.736859 [debug] [MainThread]: Sending event: {'category': 'dbt', 'action': 'invocation', 'label': 'start', 'context': [<snowplow_tracker.self_describing_json.SelfDescribingJson object at 0x00000243A9516690>, <snowplow_tracker.self_describing_json.SelfDescribingJson object at 0x00000243A9C4DEB0>, <snowplow_tracker.self_describing_json.SelfDescribingJson object at 0x00000243ABB97590>]}


============================== 20:20:21.756699 | 941aef17-e42a-4ede-98c7-e277bd3030f3 ==============================
[0m20:20:21.756699 [info ] [MainThread]: Running with dbt=1.12.3
[0m20:20:21.760514 [debug] [MainThread]: running dbt with arguments {'version_check': 'True', 'no_print': 'None', 'maximum_seed_size_mib': '1', 'warn_error_options': 'WarnErrorOptionsV2(error=[], warn=[], silence=[])', 'target_path': 'None', 'static_parser': 'True', 'printer_width': '80', 'write_json': 'True', 'introspect': 'True', 'log_cache_events': 'False', 'empty': 'None', 'cache_selected_only': 'False', 'log_format': 'default', 'debug': 'False', 'fail_fast': 'False', 'partial_parse': 'True', 'send_anonymous_usage_stats': 'True', 'quiet': 'False', 'warn_error': 'None', 'profiles_dir': 'C:\\Users\\gurs\\.dbt', 'use_colors': 'True', 'hints_enabled': 'True', 'indirect_selection': 'eager', 'use_experimental_parser': 'False', 'invocation_command': 'dbt show --inline select order_id, order_status, purchased_at from stg_orders limit 5', 'log_path': 'C:\\Users\\gurs\\Documents\\gs_dbt_project\\dbt_project_1\\logs'}
[0m20:20:23.114228 [debug] [MainThread]: Sending event: {'category': 'dbt', 'action': 'project_id', 'label': '941aef17-e42a-4ede-98c7-e277bd3030f3', 'context': [<snowplow_tracker.self_describing_json.SelfDescribingJson object at 0x00000243A9623920>]}
[0m20:20:23.462492 [debug] [MainThread]: Sending event: {'category': 'dbt', 'action': 'adapter_info', 'label': '941aef17-e42a-4ede-98c7-e277bd3030f3', 'context': [<snowplow_tracker.self_describing_json.SelfDescribingJson object at 0x00000243ADF8D100>]}
[0m20:20:23.534290 [info ] [MainThread]: Registered adapter: duckdb=1.11.0
[0m20:20:26.180007 [debug] [MainThread]: checksum: e540a061191ca25dcec8cdd954961cf24eb37726dcfe9ac0012df58d683b378a, vars: {}, profile: dbt_project_1, target: dev_duckdb, version: 1.12.3
[0m20:20:27.116673 [debug] [MainThread]: Partial parsing enabled: 0 files deleted, 0 files added, 1 files changed.
[0m20:20:27.116673 [debug] [MainThread]: Partial parsing: updated file: dbt_project_1://models\staging\schema.yml
[0m20:20:28.605134 [warn ] [MainThread]: [[33mWARNING[0m][MissingArgumentsPropertyInGenericTestDeprecation]: Deprecated
functionality
Found top-level arguments to test `accepted_values` defined on 'stg_orders' in
package 'dbt_project_1' (models\staging\schema.yml). Arguments to generic tests
should be nested under the `arguments` property.
[0m20:20:28.605134 [debug] [MainThread]: Sending event: {'category': 'dbt', 'action': 'deprecation', 'label': '941aef17-e42a-4ede-98c7-e277bd3030f3', 'property_': 'warn', 'context': [<snowplow_tracker.self_describing_json.SelfDescribingJson object at 0x00000243ADED24E0>]}
[0m20:20:29.100106 [debug] [MainThread]: Sending event: {'category': 'dbt', 'action': 'load_project', 'label': '941aef17-e42a-4ede-98c7-e277bd3030f3', 'context': [<snowplow_tracker.self_describing_json.SelfDescribingJson object at 0x00000243AE9CA7B0>]}
[0m20:20:29.623486 [debug] [MainThread]: Wrote artifact WritableManifest to C:\Users\gurs\Documents\gs_dbt_project\dbt_project_1\target\manifest.json
[0m20:20:29.646158 [debug] [MainThread]: Wrote artifact SemanticManifest to C:\Users\gurs\Documents\gs_dbt_project\dbt_project_1\target\semantic_manifest.json
[0m20:20:29.775275 [debug] [MainThread]: Wrote artifact OsiDocument to C:\Users\gurs\Documents\gs_dbt_project\dbt_project_1\target\osi_document.json
[0m20:20:30.574826 [debug] [MainThread]: Sending event: {'category': 'dbt', 'action': 'resource_counts', 'label': '941aef17-e42a-4ede-98c7-e277bd3030f3', 'context': [<snowplow_tracker.self_describing_json.SelfDescribingJson object at 0x00000243ADE7E840>]}
[0m20:20:30.578145 [info ] [MainThread]: Found 5 models, 3 seeds, 11 data tests, 1 sql operation, 500 macros
[0m20:20:30.580881 [debug] [MainThread]: Sending event: {'category': 'dbt', 'action': 'runnable_timing', 'label': '941aef17-e42a-4ede-98c7-e277bd3030f3', 'context': [<snowplow_tracker.self_describing_json.SelfDescribingJson object at 0x00000243AE48BE30>]}
[0m20:20:30.606760 [info ] [MainThread]: 
[0m20:20:30.613552 [info ] [MainThread]: Concurrency: 1 threads (target='dev_duckdb')
[0m20:20:30.626906 [info ] [MainThread]: 
[0m20:20:30.631309 [debug] [MainThread]: Acquiring new duckdb connection 'master'
[0m20:20:30.724809 [debug] [ThreadPool]: Acquiring new duckdb connection 'list_dev_main'
[0m20:20:32.326936 [debug] [ThreadPool]: Using duckdb connection "list_dev_main"
[0m20:20:32.328979 [debug] [ThreadPool]: On list_dev_main: BEGIN
[0m20:20:32.330967 [debug] [ThreadPool]: Opening a new connection, currently in state init
[0m20:20:32.413667 [debug] [ThreadPool]: SQL status: OK in 0.083 seconds
[0m20:20:32.416191 [debug] [ThreadPool]: Using duckdb connection "list_dev_main"
[0m20:20:32.418201 [debug] [ThreadPool]: On list_dev_main: /* {"app": "dbt", "dbt_version": "1.12.3", "profile_name": "dbt_project_1", "target_name": "dev_duckdb", "connection_name": "list_dev_main"} */
select
      'dev' as database,
      table_name as name,
      table_schema as schema,
      CASE table_type
        WHEN 'BASE TABLE' THEN 'table'
        WHEN 'VIEW' THEN 'view'
        WHEN 'LOCAL TEMPORARY' THEN 'table'
        END as type
    from system.information_schema.tables
    where lower(table_schema) = 'main'
    and lower(table_catalog) = 'dev'
  
[0m20:20:32.438483 [debug] [ThreadPool]: SQL status: OK in 0.017 seconds
[0m20:20:32.446368 [debug] [ThreadPool]: On list_dev_main: ROLLBACK
[0m20:20:32.448381 [debug] [ThreadPool]: On list_dev_main: Close
[0m20:20:32.457947 [debug] [MainThread]: Sending event: {'category': 'dbt', 'action': 'runnable_timing', 'label': '941aef17-e42a-4ede-98c7-e277bd3030f3', 'context': [<snowplow_tracker.self_describing_json.SelfDescribingJson object at 0x00000243AE4BE240>]}
[0m20:20:32.481862 [debug] [Thread-1 (]: Began running node sql_operation.dbt_project_1.inline_query
[0m20:20:32.484908 [debug] [Thread-1 (]: Acquiring new duckdb connection 'sql_operation.dbt_project_1.inline_query'
[0m20:20:32.487277 [debug] [Thread-1 (]: Began compiling node sql_operation.dbt_project_1.inline_query
[0m20:20:32.513598 [debug] [Thread-1 (]: Writing injected SQL for node "sql_operation.dbt_project_1.inline_query"
[0m20:20:32.521069 [debug] [Thread-1 (]: Began executing node sql_operation.dbt_project_1.inline_query
[0m20:20:32.569597 [debug] [Thread-1 (]: Using duckdb connection "sql_operation.dbt_project_1.inline_query"
[0m20:20:32.573559 [debug] [Thread-1 (]: On sql_operation.dbt_project_1.inline_query: /* {"app": "dbt", "dbt_version": "1.12.3", "profile_name": "dbt_project_1", "target_name": "dev_duckdb", "node_id": "sql_operation.dbt_project_1.inline_query"} */

  
  select order_id, order_status, purchased_at from stg_orders limit 5
  
  limit 5

[0m20:20:32.574784 [debug] [Thread-1 (]: Opening a new connection, currently in state init
[0m20:20:32.577016 [debug] [Thread-1 (]: DuckDB adapter: duckdb error: Parser Error: syntax error at or near "limit"

LINE 6:   limit 5
          ^
[0m20:20:32.578031 [debug] [Thread-1 (]: DuckDB adapter: Error running SQL: /* {"app": "dbt", "dbt_version": "1.12.3", "profile_name": "dbt_project_1", "target_name": "dev_duckdb", "node_id": "sql_operation.dbt_project_1.inline_query"} */

  
  select order_id, order_status, purchased_at from stg_orders limit 5
  
  limit 5

[0m20:20:32.580336 [debug] [Thread-1 (]: DuckDB adapter: Rolling back transaction.
[0m20:20:32.581612 [debug] [Thread-1 (]: On sql_operation.dbt_project_1.inline_query: Close
[0m20:20:32.605683 [debug] [Thread-1 (]: Runtime Error in sql_operation inline_query (from remote system.sql)
  Parser Error: syntax error at or near "limit"
  
  LINE 6:   limit 5
            ^
[0m20:20:32.608243 [debug] [Thread-1 (]: Finished running node sql_operation.dbt_project_1.inline_query
[0m20:20:32.609732 [debug] [Thread-4 (]: Marking all children of 'sql_operation.dbt_project_1.inline_query' to be skipped because of status 'error'.  Reason: Runtime Error in sql_operation inline_query (from remote system.sql)
  Parser Error: syntax error at or near "limit"
  
  LINE 6:   limit 5
            ^.
[0m20:20:32.613245 [debug] [MainThread]: Connection 'master' was properly closed.
[0m20:20:32.615880 [debug] [MainThread]: Connection 'list_dev_main' was properly closed.
[0m20:20:32.624144 [debug] [MainThread]: Connection 'sql_operation.dbt_project_1.inline_query' was properly closed.
[0m20:20:32.626166 [error] [MainThread]: [[31mERROR[0m]: Encountered an error:
Runtime Error
  Runtime Error in sql_operation inline_query (from remote system.sql)
    Parser Error: syntax error at or near "limit"
    
    LINE 6:   limit 5
              ^
[0m20:20:32.630715 [warn ] [MainThread]: [[33mWARNING[0m][DeprecationsSummary]: Deprecated functionality
Summary of encountered deprecations:
- MissingArgumentsPropertyInGenericTestDeprecation: 1 occurrence
To see all deprecation instances instead of just the first occurrence of each,
run command again with the `--show-all-deprecations` flag. You may also need to
run with `--no-partial-parse` as some deprecations are only encountered during
parsing.
[0m20:20:32.636853 [debug] [MainThread]: Command `dbt show` failed at 20:20:32.635472 after 13.23 seconds
[0m20:20:32.638568 [debug] [MainThread]: Sending event: {'category': 'dbt', 'action': 'invocation', 'label': 'end', 'context': [<snowplow_tracker.self_describing_json.SelfDescribingJson object at 0x00000243ADE2DA00>, <snowplow_tracker.self_describing_json.SelfDescribingJson object at 0x00000243ADE7E9C0>, <snowplow_tracker.self_describing_json.SelfDescribingJson object at 0x00000243AFE46600>]}
[0m20:20:32.640812 [debug] [MainThread]: Flushing usage events
[0m20:20:35.020116 [debug] [MainThread]: An error was encountered while trying to flush usage events
[0m20:21:42.694461 [debug] [MainThread]: Sending event: {'category': 'dbt', 'action': 'invocation', 'label': 'start', 'context': [<snowplow_tracker.self_describing_json.SelfDescribingJson object at 0x0000020EA22CAAE0>, <snowplow_tracker.self_describing_json.SelfDescribingJson object at 0x0000020EA15D4F80>, <snowplow_tracker.self_describing_json.SelfDescribingJson object at 0x0000020EA20DFFE0>]}


============================== 20:21:42.701258 | 0d74be6b-579d-4bee-8948-3adc52e86795 ==============================
[0m20:21:42.701258 [info ] [MainThread]: Running with dbt=1.12.3
[0m20:21:42.701258 [debug] [MainThread]: running dbt with arguments {'version_check': 'True', 'no_print': 'None', 'maximum_seed_size_mib': '1', 'warn_error_options': 'WarnErrorOptionsV2(error=[], warn=[], silence=[])', 'target_path': 'None', 'static_parser': 'True', 'printer_width': '80', 'write_json': 'True', 'empty': 'None', 'log_cache_events': 'False', 'introspect': 'True', 'cache_selected_only': 'False', 'fail_fast': 'False', 'debug': 'False', 'log_format': 'default', 'profiles_dir': 'C:\\Users\\gurs\\.dbt', 'send_anonymous_usage_stats': 'True', 'quiet': 'False', 'warn_error': 'None', 'partial_parse': 'True', 'indirect_selection': 'eager', 'hints_enabled': 'True', 'invocation_command': 'dbt show --inline select order_id, order_status, purchased_at from stg_orders', 'use_experimental_parser': 'False', 'use_colors': 'True', 'log_path': 'C:\\Users\\gurs\\Documents\\gs_dbt_project\\dbt_project_1\\logs'}
[0m20:21:43.132546 [debug] [MainThread]: Sending event: {'category': 'dbt', 'action': 'project_id', 'label': '0d74be6b-579d-4bee-8948-3adc52e86795', 'context': [<snowplow_tracker.self_describing_json.SelfDescribingJson object at 0x0000020EA3FBA300>]}
[0m20:21:43.244335 [debug] [MainThread]: Sending event: {'category': 'dbt', 'action': 'adapter_info', 'label': '0d74be6b-579d-4bee-8948-3adc52e86795', 'context': [<snowplow_tracker.self_describing_json.SelfDescribingJson object at 0x0000020EA3F5EBD0>]}
[0m20:21:43.262109 [info ] [MainThread]: Registered adapter: duckdb=1.11.0
[0m20:21:44.221501 [debug] [MainThread]: checksum: e540a061191ca25dcec8cdd954961cf24eb37726dcfe9ac0012df58d683b378a, vars: {}, profile: dbt_project_1, target: dev_duckdb, version: 1.12.3
[0m20:21:44.631651 [debug] [MainThread]: Partial parsing enabled: 0 files deleted, 0 files added, 0 files changed.
[0m20:21:44.633416 [debug] [MainThread]: Nothing changed, skipping partial parsing.
[0m20:21:44.633916 [debug] [MainThread]: Partial parsing enabled, no changes found, skipping parsing
[0m20:21:44.649120 [debug] [MainThread]: Sending event: {'category': 'dbt', 'action': 'load_project', 'label': '0d74be6b-579d-4bee-8948-3adc52e86795', 'context': [<snowplow_tracker.self_describing_json.SelfDescribingJson object at 0x0000020EA45396A0>]}
[0m20:21:44.854052 [debug] [MainThread]: Wrote artifact WritableManifest to C:\Users\gurs\Documents\gs_dbt_project\dbt_project_1\target\manifest.json
[0m20:21:44.868314 [debug] [MainThread]: Wrote artifact SemanticManifest to C:\Users\gurs\Documents\gs_dbt_project\dbt_project_1\target\semantic_manifest.json
[0m20:21:44.923483 [debug] [MainThread]: Wrote artifact OsiDocument to C:\Users\gurs\Documents\gs_dbt_project\dbt_project_1\target\osi_document.json
[0m20:21:45.239336 [debug] [MainThread]: Sending event: {'category': 'dbt', 'action': 'resource_counts', 'label': '0d74be6b-579d-4bee-8948-3adc52e86795', 'context': [<snowplow_tracker.self_describing_json.SelfDescribingJson object at 0x0000020EA4230560>]}
[0m20:21:45.239336 [info ] [MainThread]: Found 5 models, 3 seeds, 11 data tests, 1 sql operation, 500 macros
[0m20:21:45.241346 [debug] [MainThread]: Sending event: {'category': 'dbt', 'action': 'runnable_timing', 'label': '0d74be6b-579d-4bee-8948-3adc52e86795', 'context': [<snowplow_tracker.self_describing_json.SelfDescribingJson object at 0x0000020EA48600E0>]}
[0m20:21:45.241346 [info ] [MainThread]: 
[0m20:21:45.245592 [info ] [MainThread]: Concurrency: 1 threads (target='dev_duckdb')
[0m20:21:45.245592 [info ] [MainThread]: 
[0m20:21:45.248343 [debug] [MainThread]: Acquiring new duckdb connection 'master'
[0m20:21:45.263115 [debug] [ThreadPool]: Acquiring new duckdb connection 'list_dev_main'
[0m20:21:45.745458 [debug] [ThreadPool]: Using duckdb connection "list_dev_main"
[0m20:21:45.745458 [debug] [ThreadPool]: On list_dev_main: BEGIN
[0m20:21:45.747479 [debug] [ThreadPool]: Opening a new connection, currently in state init
[0m20:21:45.758705 [debug] [ThreadPool]: SQL status: OK in 0.024 seconds
[0m20:21:45.758705 [debug] [ThreadPool]: Using duckdb connection "list_dev_main"
[0m20:21:45.772403 [debug] [ThreadPool]: On list_dev_main: /* {"app": "dbt", "dbt_version": "1.12.3", "profile_name": "dbt_project_1", "target_name": "dev_duckdb", "connection_name": "list_dev_main"} */
select
      'dev' as database,
      table_name as name,
      table_schema as schema,
      CASE table_type
        WHEN 'BASE TABLE' THEN 'table'
        WHEN 'VIEW' THEN 'view'
        WHEN 'LOCAL TEMPORARY' THEN 'table'
        END as type
    from system.information_schema.tables
    where lower(table_schema) = 'main'
    and lower(table_catalog) = 'dev'
  
[0m20:21:45.774436 [debug] [ThreadPool]: SQL status: OK in 0.006 seconds
[0m20:21:45.774436 [debug] [ThreadPool]: On list_dev_main: ROLLBACK
[0m20:21:45.774436 [debug] [ThreadPool]: On list_dev_main: Close
[0m20:21:45.774436 [debug] [MainThread]: Sending event: {'category': 'dbt', 'action': 'runnable_timing', 'label': '0d74be6b-579d-4bee-8948-3adc52e86795', 'context': [<snowplow_tracker.self_describing_json.SelfDescribingJson object at 0x0000020EA453AF90>]}
[0m20:21:45.793084 [debug] [Thread-1 (]: Began running node sql_operation.dbt_project_1.inline_query
[0m20:21:45.793084 [debug] [Thread-1 (]: Acquiring new duckdb connection 'sql_operation.dbt_project_1.inline_query'
[0m20:21:45.796014 [debug] [Thread-1 (]: Began compiling node sql_operation.dbt_project_1.inline_query
[0m20:21:45.802037 [debug] [Thread-1 (]: Writing injected SQL for node "sql_operation.dbt_project_1.inline_query"
[0m20:21:45.809094 [debug] [Thread-1 (]: Began executing node sql_operation.dbt_project_1.inline_query
[0m20:21:45.817106 [debug] [Thread-1 (]: Using duckdb connection "sql_operation.dbt_project_1.inline_query"
[0m20:21:45.817676 [debug] [Thread-1 (]: On sql_operation.dbt_project_1.inline_query: /* {"app": "dbt", "dbt_version": "1.12.3", "profile_name": "dbt_project_1", "target_name": "dev_duckdb", "node_id": "sql_operation.dbt_project_1.inline_query"} */

  
  select order_id, order_status, purchased_at from stg_orders
  
  limit 5

[0m20:21:45.818262 [debug] [Thread-1 (]: Opening a new connection, currently in state init
[0m20:21:45.821467 [debug] [Thread-1 (]: SQL status: OK in 0.004 seconds
[0m20:21:45.821467 [debug] [Thread-1 (]: On sql_operation.dbt_project_1.inline_query: Close
[0m20:21:45.821467 [debug] [Thread-1 (]: Finished running node sql_operation.dbt_project_1.inline_query
[0m20:21:45.827963 [debug] [MainThread]: Connection 'master' was properly closed.
[0m20:21:45.827963 [debug] [MainThread]: Connection 'list_dev_main' was properly closed.
[0m20:21:45.827963 [debug] [MainThread]: Connection 'sql_operation.dbt_project_1.inline_query' was properly closed.
[0m20:21:45.827963 [debug] [MainThread]: Command end result
[0m20:21:45.880022 [debug] [MainThread]: Wrote artifact WritableManifest to C:\Users\gurs\Documents\gs_dbt_project\dbt_project_1\target\manifest.json
[0m20:21:45.891854 [debug] [MainThread]: Wrote artifact SemanticManifest to C:\Users\gurs\Documents\gs_dbt_project\dbt_project_1\target\semantic_manifest.json
[0m20:21:45.899472 [debug] [MainThread]: Wrote artifact OsiDocument to C:\Users\gurs\Documents\gs_dbt_project\dbt_project_1\target\osi_document.json
[0m20:21:45.917012 [debug] [MainThread]: Wrote artifact RunExecutionResult to C:\Users\gurs\Documents\gs_dbt_project\dbt_project_1\target\run_results.json
[0m20:21:45.917012 [info ] [MainThread]: Previewing inline node:
| order_id             | order_status |        purchased_at |
| -------------------- | ------------ | ------------------- |
| e481f51cbdc54678b... | delivered    | 2017-10-02 10:56:33 |
| 53cdb2fc8bc7dce0b... | delivered    | 2018-07-24 20:41:37 |
| 47770eb9100c2d0c4... | delivered    | 2018-08-08 08:38:49 |
| 949d5b44dbf5de918... | delivered    | 2017-11-18 19:28:06 |
| ad21c59c0840e6cb8... | delivered    | 2018-02-13 21:18:39 |

[0m20:21:45.917012 [debug] [MainThread]: Command `dbt show` succeeded at 20:21:45.917012 after 3.77 seconds
[0m20:21:45.917012 [debug] [MainThread]: Sending event: {'category': 'dbt', 'action': 'invocation', 'label': 'end', 'context': [<snowplow_tracker.self_describing_json.SelfDescribingJson object at 0x0000020E9F7E60F0>, <snowplow_tracker.self_describing_json.SelfDescribingJson object at 0x0000020EA2226C90>, <snowplow_tracker.self_describing_json.SelfDescribingJson object at 0x0000020E9F83D5B0>]}
[0m20:21:45.917012 [debug] [MainThread]: Flushing usage events
[0m20:21:46.804449 [debug] [MainThread]: An error was encountered while trying to flush usage events
[0m20:22:03.891924 [debug] [MainThread]: Sending event: {'category': 'dbt', 'action': 'invocation', 'label': 'start', 'context': [<snowplow_tracker.self_describing_json.SelfDescribingJson object at 0x0000020C6A325D60>, <snowplow_tracker.self_describing_json.SelfDescribingJson object at 0x0000020C6BB6D190>, <snowplow_tracker.self_describing_json.SelfDescribingJson object at 0x0000020C6BB6DD00>]}


============================== 20:22:03.891924 | 0869d27f-c862-4f9d-8886-8b19b1c9d821 ==============================
[0m20:22:03.891924 [info ] [MainThread]: Running with dbt=1.12.3
[0m20:22:03.891924 [debug] [MainThread]: running dbt with arguments {'static_parser': 'True', 'no_print': 'None', 'maximum_seed_size_mib': '1', 'target_path': 'None', 'version_check': 'True', 'warn_error_options': 'WarnErrorOptionsV2(error=[], warn=[], silence=[])', 'printer_width': '80', 'write_json': 'True', 'introspect': 'True', 'log_cache_events': 'False', 'empty': 'None', 'cache_selected_only': 'False', 'fail_fast': 'False', 'debug': 'False', 'log_format': 'default', 'partial_parse': 'True', 'send_anonymous_usage_stats': 'True', 'quiet': 'False', 'warn_error': 'None', 'profiles_dir': 'C:\\Users\\gurs\\.dbt', 'indirect_selection': 'eager', 'hints_enabled': 'True', 'invocation_command': 'dbt show --inline select *  from stg_orders', 'use_experimental_parser': 'False', 'use_colors': 'True', 'log_path': 'C:\\Users\\gurs\\Documents\\gs_dbt_project\\dbt_project_1\\logs'}
[0m20:22:04.470904 [debug] [MainThread]: Sending event: {'category': 'dbt', 'action': 'project_id', 'label': '0869d27f-c862-4f9d-8886-8b19b1c9d821', 'context': [<snowplow_tracker.self_describing_json.SelfDescribingJson object at 0x0000020C6FC2DE20>]}
[0m20:22:04.575055 [debug] [MainThread]: Sending event: {'category': 'dbt', 'action': 'adapter_info', 'label': '0869d27f-c862-4f9d-8886-8b19b1c9d821', 'context': [<snowplow_tracker.self_describing_json.SelfDescribingJson object at 0x0000020C6FE9C440>]}
[0m20:22:04.615752 [info ] [MainThread]: Registered adapter: duckdb=1.11.0
[0m20:22:05.342324 [debug] [MainThread]: checksum: e540a061191ca25dcec8cdd954961cf24eb37726dcfe9ac0012df58d683b378a, vars: {}, profile: dbt_project_1, target: dev_duckdb, version: 1.12.3
[0m20:22:05.681087 [debug] [MainThread]: Partial parsing enabled: 0 files deleted, 0 files added, 0 files changed.
[0m20:22:05.681087 [debug] [MainThread]: Nothing changed, skipping partial parsing.
[0m20:22:05.681087 [debug] [MainThread]: Partial parsing enabled, no changes found, skipping parsing
[0m20:22:05.689161 [debug] [MainThread]: Sending event: {'category': 'dbt', 'action': 'load_project', 'label': '0869d27f-c862-4f9d-8886-8b19b1c9d821', 'context': [<snowplow_tracker.self_describing_json.SelfDescribingJson object at 0x0000020C701CDD60>]}
[0m20:22:05.863884 [debug] [MainThread]: Wrote artifact WritableManifest to C:\Users\gurs\Documents\gs_dbt_project\dbt_project_1\target\manifest.json
[0m20:22:05.872116 [debug] [MainThread]: Wrote artifact SemanticManifest to C:\Users\gurs\Documents\gs_dbt_project\dbt_project_1\target\semantic_manifest.json
[0m20:22:05.932691 [debug] [MainThread]: Wrote artifact OsiDocument to C:\Users\gurs\Documents\gs_dbt_project\dbt_project_1\target\osi_document.json
[0m20:22:06.213619 [debug] [MainThread]: Sending event: {'category': 'dbt', 'action': 'resource_counts', 'label': '0869d27f-c862-4f9d-8886-8b19b1c9d821', 'context': [<snowplow_tracker.self_describing_json.SelfDescribingJson object at 0x0000020C700D8470>]}
[0m20:22:06.213619 [info ] [MainThread]: Found 5 models, 3 seeds, 11 data tests, 1 sql operation, 500 macros
[0m20:22:06.213619 [debug] [MainThread]: Sending event: {'category': 'dbt', 'action': 'runnable_timing', 'label': '0869d27f-c862-4f9d-8886-8b19b1c9d821', 'context': [<snowplow_tracker.self_describing_json.SelfDescribingJson object at 0x0000020C6FE43530>]}
[0m20:22:06.223025 [info ] [MainThread]: 
[0m20:22:06.223025 [info ] [MainThread]: Concurrency: 1 threads (target='dev_duckdb')
[0m20:22:06.225578 [info ] [MainThread]: 
[0m20:22:06.227635 [debug] [MainThread]: Acquiring new duckdb connection 'master'
[0m20:22:06.242674 [debug] [ThreadPool]: Acquiring new duckdb connection 'list_dev_main'
[0m20:22:06.745702 [debug] [ThreadPool]: Using duckdb connection "list_dev_main"
[0m20:22:06.745702 [debug] [ThreadPool]: On list_dev_main: BEGIN
[0m20:22:06.745702 [debug] [ThreadPool]: Opening a new connection, currently in state init
[0m20:22:06.775466 [debug] [ThreadPool]: SQL status: OK in 0.028 seconds
[0m20:22:06.776484 [debug] [ThreadPool]: Using duckdb connection "list_dev_main"
[0m20:22:06.776484 [debug] [ThreadPool]: On list_dev_main: /* {"app": "dbt", "dbt_version": "1.12.3", "profile_name": "dbt_project_1", "target_name": "dev_duckdb", "connection_name": "list_dev_main"} */
select
      'dev' as database,
      table_name as name,
      table_schema as schema,
      CASE table_type
        WHEN 'BASE TABLE' THEN 'table'
        WHEN 'VIEW' THEN 'view'
        WHEN 'LOCAL TEMPORARY' THEN 'table'
        END as type
    from system.information_schema.tables
    where lower(table_schema) = 'main'
    and lower(table_catalog) = 'dev'
  
[0m20:22:06.780526 [debug] [ThreadPool]: SQL status: OK in 0.005 seconds
[0m20:22:06.782546 [debug] [ThreadPool]: On list_dev_main: ROLLBACK
[0m20:22:06.782546 [debug] [ThreadPool]: On list_dev_main: Close
[0m20:22:06.784566 [debug] [MainThread]: Sending event: {'category': 'dbt', 'action': 'runnable_timing', 'label': '0869d27f-c862-4f9d-8886-8b19b1c9d821', 'context': [<snowplow_tracker.self_describing_json.SelfDescribingJson object at 0x0000020C70675BB0>]}
[0m20:22:06.793063 [debug] [Thread-1 (]: Began running node sql_operation.dbt_project_1.inline_query
[0m20:22:06.795049 [debug] [Thread-1 (]: Acquiring new duckdb connection 'sql_operation.dbt_project_1.inline_query'
[0m20:22:06.795049 [debug] [Thread-1 (]: Began compiling node sql_operation.dbt_project_1.inline_query
[0m20:22:06.803122 [debug] [Thread-1 (]: Writing injected SQL for node "sql_operation.dbt_project_1.inline_query"
[0m20:22:06.808063 [debug] [Thread-1 (]: Began executing node sql_operation.dbt_project_1.inline_query
[0m20:22:06.823780 [debug] [Thread-1 (]: Using duckdb connection "sql_operation.dbt_project_1.inline_query"
[0m20:22:06.824907 [debug] [Thread-1 (]: On sql_operation.dbt_project_1.inline_query: /* {"app": "dbt", "dbt_version": "1.12.3", "profile_name": "dbt_project_1", "target_name": "dev_duckdb", "node_id": "sql_operation.dbt_project_1.inline_query"} */

  
  select *  from stg_orders
  
  limit 5

[0m20:22:06.825418 [debug] [Thread-1 (]: Opening a new connection, currently in state init
[0m20:22:06.825418 [debug] [Thread-1 (]: SQL status: OK in 0.004 seconds
[0m20:22:06.832051 [debug] [Thread-1 (]: On sql_operation.dbt_project_1.inline_query: Close
[0m20:22:06.832051 [debug] [Thread-1 (]: Finished running node sql_operation.dbt_project_1.inline_query
[0m20:22:06.832051 [debug] [MainThread]: Connection 'master' was properly closed.
[0m20:22:06.835206 [debug] [MainThread]: Connection 'list_dev_main' was properly closed.
[0m20:22:06.835206 [debug] [MainThread]: Connection 'sql_operation.dbt_project_1.inline_query' was properly closed.
[0m20:22:06.835206 [debug] [MainThread]: Command end result
[0m20:22:06.885200 [debug] [MainThread]: Wrote artifact WritableManifest to C:\Users\gurs\Documents\gs_dbt_project\dbt_project_1\target\manifest.json
[0m20:22:06.896825 [debug] [MainThread]: Wrote artifact SemanticManifest to C:\Users\gurs\Documents\gs_dbt_project\dbt_project_1\target\semantic_manifest.json
[0m20:22:06.904637 [debug] [MainThread]: Wrote artifact OsiDocument to C:\Users\gurs\Documents\gs_dbt_project\dbt_project_1\target\osi_document.json
[0m20:22:06.921506 [debug] [MainThread]: Wrote artifact RunExecutionResult to C:\Users\gurs\Documents\gs_dbt_project\dbt_project_1\target\run_results.json
[0m20:22:06.923009 [info ] [MainThread]: Previewing inline node:
| order_id             | customer_id          | order_status |        purchased_at |         approved_at |          shipped_at | ... |
| -------------------- | -------------------- | ------------ | ------------------- | ------------------- | ------------------- | --- |
| e481f51cbdc54678b... | 9ef432eb625129730... | delivered    | 2017-10-02 10:56:33 | 2017-10-02 11:07:15 | 2017-10-04 19:55:00 | ... |
| 53cdb2fc8bc7dce0b... | b0830fb4747a6c6d2... | delivered    | 2018-07-24 20:41:37 | 2018-07-26 03:24:27 | 2018-07-26 14:31:00 | ... |
| 47770eb9100c2d0c4... | 41ce2a54c0b03bf34... | delivered    | 2018-08-08 08:38:49 | 2018-08-08 08:55:23 | 2018-08-08 13:50:00 | ... |
| 949d5b44dbf5de918... | f88197465ea7920ad... | delivered    | 2017-11-18 19:28:06 | 2017-11-18 19:45:59 | 2017-11-22 13:39:59 | ... |
| ad21c59c0840e6cb8... | 8ab97904e6daea886... | delivered    | 2018-02-13 21:18:39 | 2018-02-13 22:20:29 | 2018-02-14 19:46:34 | ... |

[0m20:22:06.925067 [debug] [MainThread]: Command `dbt show` succeeded at 20:22:06.925067 after 3.54 seconds
[0m20:22:06.925601 [debug] [MainThread]: Sending event: {'category': 'dbt', 'action': 'invocation', 'label': 'end', 'context': [<snowplow_tracker.self_describing_json.SelfDescribingJson object at 0x0000020C6BD2D970>, <snowplow_tracker.self_describing_json.SelfDescribingJson object at 0x0000020C6FD316A0>, <snowplow_tracker.self_describing_json.SelfDescribingJson object at 0x0000020C6FD31310>]}
[0m20:22:06.926132 [debug] [MainThread]: Flushing usage events
[0m20:22:07.755015 [debug] [MainThread]: An error was encountered while trying to flush usage events
[0m20:22:42.694606 [debug] [MainThread]: Sending event: {'category': 'dbt', 'action': 'invocation', 'label': 'start', 'context': [<snowplow_tracker.self_describing_json.SelfDescribingJson object at 0x000001C84CBE2240>, <snowplow_tracker.self_describing_json.SelfDescribingJson object at 0x000001C84F225460>, <snowplow_tracker.self_describing_json.SelfDescribingJson object at 0x000001C84F225910>]}


============================== 20:22:42.694606 | 932fc1a2-749e-49be-82d7-219cb93809ce ==============================
[0m20:22:42.694606 [info ] [MainThread]: Running with dbt=1.12.3
[0m20:22:42.694606 [debug] [MainThread]: running dbt with arguments {'static_parser': 'True', 'no_print': 'None', 'maximum_seed_size_mib': '1', 'warn_error_options': 'WarnErrorOptionsV2(error=[], warn=[], silence=[])', 'target_path': 'None', 'version_check': 'True', 'printer_width': '80', 'write_json': 'True', 'introspect': 'True', 'log_cache_events': 'False', 'empty': 'None', 'cache_selected_only': 'False', 'log_format': 'default', 'debug': 'False', 'fail_fast': 'False', 'partial_parse': 'True', 'send_anonymous_usage_stats': 'True', 'quiet': 'False', 'warn_error': 'None', 'profiles_dir': 'C:\\Users\\gurs\\.dbt', 'invocation_command': 'dbt show --inline select order_id, order_status, purchased_at from stg_orders --limit 10', 'hints_enabled': 'True', 'use_colors': 'True', 'use_experimental_parser': 'False', 'indirect_selection': 'eager', 'log_path': 'C:\\Users\\gurs\\Documents\\gs_dbt_project\\dbt_project_1\\logs'}
[0m20:22:43.173300 [debug] [MainThread]: Sending event: {'category': 'dbt', 'action': 'project_id', 'label': '932fc1a2-749e-49be-82d7-219cb93809ce', 'context': [<snowplow_tracker.self_describing_json.SelfDescribingJson object at 0x000001C84CFBA300>]}
[0m20:22:43.348441 [debug] [MainThread]: Sending event: {'category': 'dbt', 'action': 'adapter_info', 'label': '932fc1a2-749e-49be-82d7-219cb93809ce', 'context': [<snowplow_tracker.self_describing_json.SelfDescribingJson object at 0x000001C8515594F0>]}
[0m20:22:43.411838 [info ] [MainThread]: Registered adapter: duckdb=1.11.0
[0m20:22:45.806428 [debug] [MainThread]: checksum: e540a061191ca25dcec8cdd954961cf24eb37726dcfe9ac0012df58d683b378a, vars: {}, profile: dbt_project_1, target: dev_duckdb, version: 1.12.3
[0m20:22:46.730222 [debug] [MainThread]: Partial parsing enabled: 0 files deleted, 0 files added, 0 files changed.
[0m20:22:46.730222 [debug] [MainThread]: Nothing changed, skipping partial parsing.
[0m20:22:46.730222 [debug] [MainThread]: Partial parsing enabled, no changes found, skipping parsing
[0m20:22:46.776903 [debug] [MainThread]: Sending event: {'category': 'dbt', 'action': 'load_project', 'label': '932fc1a2-749e-49be-82d7-219cb93809ce', 'context': [<snowplow_tracker.self_describing_json.SelfDescribingJson object at 0x000001C851622360>]}
[0m20:22:47.434867 [debug] [MainThread]: Wrote artifact WritableManifest to C:\Users\gurs\Documents\gs_dbt_project\dbt_project_1\target\manifest.json
[0m20:22:47.455038 [debug] [MainThread]: Wrote artifact SemanticManifest to C:\Users\gurs\Documents\gs_dbt_project\dbt_project_1\target\semantic_manifest.json
[0m20:22:47.584621 [debug] [MainThread]: Wrote artifact OsiDocument to C:\Users\gurs\Documents\gs_dbt_project\dbt_project_1\target\osi_document.json
[0m20:22:48.544206 [debug] [MainThread]: Sending event: {'category': 'dbt', 'action': 'resource_counts', 'label': '932fc1a2-749e-49be-82d7-219cb93809ce', 'context': [<snowplow_tracker.self_describing_json.SelfDescribingJson object at 0x000001C85187C590>]}
[0m20:22:48.545609 [info ] [MainThread]: Found 5 models, 3 seeds, 11 data tests, 1 sql operation, 500 macros
[0m20:22:48.547636 [debug] [MainThread]: Sending event: {'category': 'dbt', 'action': 'runnable_timing', 'label': '932fc1a2-749e-49be-82d7-219cb93809ce', 'context': [<snowplow_tracker.self_describing_json.SelfDescribingJson object at 0x000001C84CE3EBD0>]}
[0m20:22:48.556867 [info ] [MainThread]: 
[0m20:22:48.556867 [info ] [MainThread]: Concurrency: 1 threads (target='dev_duckdb')
[0m20:22:48.559803 [info ] [MainThread]: 
[0m20:22:48.561666 [debug] [MainThread]: Acquiring new duckdb connection 'master'
[0m20:22:48.576366 [debug] [ThreadPool]: Acquiring new duckdb connection 'list_dev_main'
[0m20:22:49.127846 [debug] [ThreadPool]: Using duckdb connection "list_dev_main"
[0m20:22:49.127846 [debug] [ThreadPool]: On list_dev_main: BEGIN
[0m20:22:49.127846 [debug] [ThreadPool]: Opening a new connection, currently in state init
[0m20:22:49.160935 [debug] [ThreadPool]: SQL status: OK in 0.030 seconds
[0m20:22:49.160935 [debug] [ThreadPool]: Using duckdb connection "list_dev_main"
[0m20:22:49.160935 [debug] [ThreadPool]: On list_dev_main: /* {"app": "dbt", "dbt_version": "1.12.3", "profile_name": "dbt_project_1", "target_name": "dev_duckdb", "connection_name": "list_dev_main"} */
select
      'dev' as database,
      table_name as name,
      table_schema as schema,
      CASE table_type
        WHEN 'BASE TABLE' THEN 'table'
        WHEN 'VIEW' THEN 'view'
        WHEN 'LOCAL TEMPORARY' THEN 'table'
        END as type
    from system.information_schema.tables
    where lower(table_schema) = 'main'
    and lower(table_catalog) = 'dev'
  
[0m20:22:49.169256 [debug] [ThreadPool]: SQL status: OK in 0.007 seconds
[0m20:22:49.171528 [debug] [ThreadPool]: On list_dev_main: ROLLBACK
[0m20:22:49.172646 [debug] [ThreadPool]: On list_dev_main: Close
[0m20:22:49.174877 [debug] [MainThread]: Sending event: {'category': 'dbt', 'action': 'runnable_timing', 'label': '932fc1a2-749e-49be-82d7-219cb93809ce', 'context': [<snowplow_tracker.self_describing_json.SelfDescribingJson object at 0x000001C84CD8AB70>]}
[0m20:22:49.183028 [debug] [Thread-1 (]: Began running node sql_operation.dbt_project_1.inline_query
[0m20:22:49.185039 [debug] [Thread-1 (]: Acquiring new duckdb connection 'sql_operation.dbt_project_1.inline_query'
[0m20:22:49.185039 [debug] [Thread-1 (]: Began compiling node sql_operation.dbt_project_1.inline_query
[0m20:22:49.191075 [debug] [Thread-1 (]: Writing injected SQL for node "sql_operation.dbt_project_1.inline_query"
[0m20:22:49.196108 [debug] [Thread-1 (]: Began executing node sql_operation.dbt_project_1.inline_query
[0m20:22:49.217468 [debug] [Thread-1 (]: Using duckdb connection "sql_operation.dbt_project_1.inline_query"
[0m20:22:49.217468 [debug] [Thread-1 (]: On sql_operation.dbt_project_1.inline_query: /* {"app": "dbt", "dbt_version": "1.12.3", "profile_name": "dbt_project_1", "target_name": "dev_duckdb", "node_id": "sql_operation.dbt_project_1.inline_query"} */

  
  select order_id, order_status, purchased_at from stg_orders
  
  limit 10

[0m20:22:49.219485 [debug] [Thread-1 (]: Opening a new connection, currently in state init
[0m20:22:49.221507 [debug] [Thread-1 (]: SQL status: OK in 0.004 seconds
[0m20:22:49.225988 [debug] [Thread-1 (]: On sql_operation.dbt_project_1.inline_query: Close
[0m20:22:49.227752 [debug] [Thread-1 (]: Finished running node sql_operation.dbt_project_1.inline_query
[0m20:22:49.229548 [debug] [MainThread]: Connection 'master' was properly closed.
[0m20:22:49.229548 [debug] [MainThread]: Connection 'list_dev_main' was properly closed.
[0m20:22:49.232943 [debug] [MainThread]: Connection 'sql_operation.dbt_project_1.inline_query' was properly closed.
[0m20:22:49.235779 [debug] [MainThread]: Command end result
[0m20:22:49.305652 [debug] [MainThread]: Wrote artifact WritableManifest to C:\Users\gurs\Documents\gs_dbt_project\dbt_project_1\target\manifest.json
[0m20:22:49.314287 [debug] [MainThread]: Wrote artifact SemanticManifest to C:\Users\gurs\Documents\gs_dbt_project\dbt_project_1\target\semantic_manifest.json
[0m20:22:49.328696 [debug] [MainThread]: Wrote artifact OsiDocument to C:\Users\gurs\Documents\gs_dbt_project\dbt_project_1\target\osi_document.json
[0m20:22:49.353367 [debug] [MainThread]: Wrote artifact RunExecutionResult to C:\Users\gurs\Documents\gs_dbt_project\dbt_project_1\target\run_results.json
[0m20:22:49.354630 [info ] [MainThread]: Previewing inline node:
| order_id             | order_status |        purchased_at |
| -------------------- | ------------ | ------------------- |
| e481f51cbdc54678b... | delivered    | 2017-10-02 10:56:33 |
| 53cdb2fc8bc7dce0b... | delivered    | 2018-07-24 20:41:37 |
| 47770eb9100c2d0c4... | delivered    | 2018-08-08 08:38:49 |
| 949d5b44dbf5de918... | delivered    | 2017-11-18 19:28:06 |
| ad21c59c0840e6cb8... | delivered    | 2018-02-13 21:18:39 |
| a4591c265e18cb1dc... | delivered    | 2017-07-09 21:57:05 |
| 136cce7faa42fdb2c... | invoiced     | 2017-04-11 12:22:08 |
| 6514b8ad8028c9f2c... | delivered    | 2017-05-16 13:10:30 |
| 76c6e866289321a7c... | delivered    | 2017-01-23 18:29:09 |
| e69bfb5eb88e0ed6a... | delivered    | 2017-07-29 11:55:02 |

[0m20:22:49.358429 [debug] [MainThread]: Command `dbt show` succeeded at 20:22:49.356391 after 7.18 seconds
[0m20:22:49.358429 [debug] [MainThread]: Sending event: {'category': 'dbt', 'action': 'invocation', 'label': 'end', 'context': [<snowplow_tracker.self_describing_json.SelfDescribingJson object at 0x000001C84F967800>, <snowplow_tracker.self_describing_json.SelfDescribingJson object at 0x000001C84F9645C0>, <snowplow_tracker.self_describing_json.SelfDescribingJson object at 0x000001C84F9653A0>]}
[0m20:22:49.359769 [debug] [MainThread]: Flushing usage events
[0m20:22:50.373880 [debug] [MainThread]: An error was encountered while trying to flush usage events
[0m20:26:52.269650 [debug] [MainThread]: Sending event: {'category': 'dbt', 'action': 'invocation', 'label': 'start', 'context': [<snowplow_tracker.self_describing_json.SelfDescribingJson object at 0x0000026B7963E240>, <snowplow_tracker.self_describing_json.SelfDescribingJson object at 0x0000026B79BCAAB0>, <snowplow_tracker.self_describing_json.SelfDescribingJson object at 0x0000026B79BCB5C0>]}


============================== 20:26:52.280415 | c0170169-5308-4be4-a390-e312b637450b ==============================
[0m20:26:52.280415 [info ] [MainThread]: Running with dbt=1.12.3
[0m20:26:52.282159 [debug] [MainThread]: running dbt with arguments {'version_check': 'True', 'no_print': 'None', 'static_parser': 'True', 'warn_error_options': 'WarnErrorOptionsV2(error=[], warn=[], silence=[])', 'maximum_seed_size_mib': '1', 'target_path': 'None', 'printer_width': '80', 'write_json': 'True', 'introspect': 'True', 'log_cache_events': 'False', 'empty': 'None', 'cache_selected_only': 'False', 'log_format': 'default', 'debug': 'False', 'fail_fast': 'False', 'partial_parse': 'True', 'send_anonymous_usage_stats': 'True', 'quiet': 'False', 'warn_error': 'None', 'profiles_dir': 'C:\\Users\\gurs\\.dbt', 'use_colors': 'True', 'hints_enabled': 'True', 'indirect_selection': 'eager', 'use_experimental_parser': 'False', 'invocation_command': 'dbt test --select staging', 'log_path': 'C:\\Users\\gurs\\Documents\\gs_dbt_project\\dbt_project_1\\logs'}
[0m20:26:52.842766 [debug] [MainThread]: Sending event: {'category': 'dbt', 'action': 'project_id', 'label': 'c0170169-5308-4be4-a390-e312b637450b', 'context': [<snowplow_tracker.self_describing_json.SelfDescribingJson object at 0x0000026B7BF23D40>]}
[0m20:26:53.018589 [debug] [MainThread]: Sending event: {'category': 'dbt', 'action': 'adapter_info', 'label': 'c0170169-5308-4be4-a390-e312b637450b', 'context': [<snowplow_tracker.self_describing_json.SelfDescribingJson object at 0x0000026B7BD11820>]}
[0m20:26:53.026064 [info ] [MainThread]: Registered adapter: duckdb=1.11.0
[0m20:26:55.095661 [debug] [MainThread]: checksum: e540a061191ca25dcec8cdd954961cf24eb37726dcfe9ac0012df58d683b378a, vars: {}, profile: dbt_project_1, target: dev_duckdb, version: 1.12.3
[0m20:26:56.528380 [debug] [MainThread]: Partial parsing enabled: 0 files deleted, 0 files added, 1 files changed.
[0m20:26:56.535518 [debug] [MainThread]: Partial parsing: updated file: dbt_project_1://models\staging\schema.yml
[0m20:26:59.452704 [debug] [MainThread]: Sending event: {'category': 'dbt', 'action': 'load_project', 'label': 'c0170169-5308-4be4-a390-e312b637450b', 'context': [<snowplow_tracker.self_describing_json.SelfDescribingJson object at 0x0000026B7C3053D0>]}
[0m20:26:59.581521 [debug] [MainThread]: Wrote artifact WritableManifest to C:\Users\gurs\Documents\gs_dbt_project\dbt_project_1\target\manifest.json
[0m20:26:59.591968 [debug] [MainThread]: Wrote artifact SemanticManifest to C:\Users\gurs\Documents\gs_dbt_project\dbt_project_1\target\semantic_manifest.json
[0m20:26:59.665236 [debug] [MainThread]: Wrote artifact OsiDocument to C:\Users\gurs\Documents\gs_dbt_project\dbt_project_1\target\osi_document.json
[0m20:26:59.713583 [debug] [MainThread]: Sending event: {'category': 'dbt', 'action': 'resource_counts', 'label': 'c0170169-5308-4be4-a390-e312b637450b', 'context': [<snowplow_tracker.self_describing_json.SelfDescribingJson object at 0x0000026B7DC380E0>]}
[0m20:26:59.713583 [info ] [MainThread]: Found 5 models, 3 seeds, 11 data tests, 500 macros
[0m20:26:59.713583 [debug] [MainThread]: Sending event: {'category': 'dbt', 'action': 'runnable_timing', 'label': 'c0170169-5308-4be4-a390-e312b637450b', 'context': [<snowplow_tracker.self_describing_json.SelfDescribingJson object at 0x0000026B7C3BC8F0>]}
[0m20:26:59.719835 [info ] [MainThread]: 
[0m20:26:59.721843 [info ] [MainThread]: Concurrency: 1 threads (target='dev_duckdb')
[0m20:26:59.722721 [info ] [MainThread]: 
[0m20:26:59.725139 [debug] [MainThread]: Acquiring new duckdb connection 'master'
[0m20:26:59.739368 [debug] [ThreadPool]: Acquiring new duckdb connection 'list_dev_main'
[0m20:27:00.306371 [debug] [ThreadPool]: Using duckdb connection "list_dev_main"
[0m20:27:00.306371 [debug] [ThreadPool]: On list_dev_main: BEGIN
[0m20:27:00.306371 [debug] [ThreadPool]: Opening a new connection, currently in state init
[0m20:27:00.349830 [debug] [ThreadPool]: SQL status: OK in 0.044 seconds
[0m20:27:00.352810 [debug] [ThreadPool]: Using duckdb connection "list_dev_main"
[0m20:27:00.352810 [debug] [ThreadPool]: On list_dev_main: /* {"app": "dbt", "dbt_version": "1.12.3", "profile_name": "dbt_project_1", "target_name": "dev_duckdb", "connection_name": "list_dev_main"} */
select
      'dev' as database,
      table_name as name,
      table_schema as schema,
      CASE table_type
        WHEN 'BASE TABLE' THEN 'table'
        WHEN 'VIEW' THEN 'view'
        WHEN 'LOCAL TEMPORARY' THEN 'table'
        END as type
    from system.information_schema.tables
    where lower(table_schema) = 'main'
    and lower(table_catalog) = 'dev'
  
[0m20:27:00.363927 [debug] [ThreadPool]: SQL status: OK in 0.011 seconds
[0m20:27:00.369463 [debug] [ThreadPool]: On list_dev_main: ROLLBACK
[0m20:27:00.369463 [debug] [ThreadPool]: On list_dev_main: Close
[0m20:27:00.373841 [debug] [MainThread]: Sending event: {'category': 'dbt', 'action': 'runnable_timing', 'label': 'c0170169-5308-4be4-a390-e312b637450b', 'context': [<snowplow_tracker.self_describing_json.SelfDescribingJson object at 0x0000026B7C306780>]}
[0m20:27:00.375858 [debug] [MainThread]: Using duckdb connection "master"
[0m20:27:00.375858 [debug] [MainThread]: On master: BEGIN
[0m20:27:00.377868 [debug] [MainThread]: Opening a new connection, currently in state init
[0m20:27:00.379879 [debug] [MainThread]: SQL status: OK in 0.002 seconds
[0m20:27:00.380392 [debug] [MainThread]: On master: COMMIT
[0m20:27:00.380392 [debug] [MainThread]: Using duckdb connection "master"
[0m20:27:00.381906 [debug] [MainThread]: On master: COMMIT
[0m20:27:00.381906 [debug] [MainThread]: SQL status: OK in 0.000 seconds
[0m20:27:00.383918 [debug] [MainThread]: On master: Close
[0m20:27:00.398134 [debug] [Thread-1 (]: Began running node test.dbt_project_1.accepted_values_stg_orders_order_status__delivered__shipped__canceled__invoiced__processing__approved__unavailable__created.cb59e451c5
[0m20:27:00.400151 [info ] [Thread-1 (]: 1 of 7 START test accepted_values_stg_orders_order_status__delivered__shipped__canceled__invoiced__processing__approved__unavailable__created  [RUN]
[0m20:27:00.403196 [debug] [Thread-1 (]: Acquiring new duckdb connection 'test.dbt_project_1.accepted_values_stg_orders_order_status__delivered__shipped__canceled__invoiced__processing__approved__unavailable__created.cb59e451c5'
[0m20:27:00.405229 [debug] [Thread-1 (]: Began compiling node test.dbt_project_1.accepted_values_stg_orders_order_status__delivered__shipped__canceled__invoiced__processing__approved__unavailable__created.cb59e451c5
[0m20:27:00.436656 [debug] [Thread-1 (]: Writing injected SQL for node "test.dbt_project_1.accepted_values_stg_orders_order_status__delivered__shipped__canceled__invoiced__processing__approved__unavailable__created.cb59e451c5"
[0m20:27:00.442688 [debug] [Thread-1 (]: Began executing node test.dbt_project_1.accepted_values_stg_orders_order_status__delivered__shipped__canceled__invoiced__processing__approved__unavailable__created.cb59e451c5
[0m20:27:00.485667 [debug] [Thread-1 (]: Writing runtime sql for node "test.dbt_project_1.accepted_values_stg_orders_order_status__delivered__shipped__canceled__invoiced__processing__approved__unavailable__created.cb59e451c5"
[0m20:27:00.491097 [debug] [Thread-1 (]: Using duckdb connection "test.dbt_project_1.accepted_values_stg_orders_order_status__delivered__shipped__canceled__invoiced__processing__approved__unavailable__created.cb59e451c5"
[0m20:27:00.494106 [debug] [Thread-1 (]: On test.dbt_project_1.accepted_values_stg_orders_order_status__delivered__shipped__canceled__invoiced__processing__approved__unavailable__created.cb59e451c5: BEGIN
[0m20:27:00.496224 [debug] [Thread-1 (]: Opening a new connection, currently in state init
[0m20:27:00.498754 [debug] [Thread-1 (]: SQL status: OK in 0.003 seconds
[0m20:27:00.498754 [debug] [Thread-1 (]: Using duckdb connection "test.dbt_project_1.accepted_values_stg_orders_order_status__delivered__shipped__canceled__invoiced__processing__approved__unavailable__created.cb59e451c5"
[0m20:27:00.498754 [debug] [Thread-1 (]: On test.dbt_project_1.accepted_values_stg_orders_order_status__delivered__shipped__canceled__invoiced__processing__approved__unavailable__created.cb59e451c5: /* {"app": "dbt", "dbt_version": "1.12.3", "profile_name": "dbt_project_1", "target_name": "dev_duckdb", "node_id": "test.dbt_project_1.accepted_values_stg_orders_order_status__delivered__shipped__canceled__invoiced__processing__approved__unavailable__created.cb59e451c5"} */

    
    select
      count(*) as failures,
      count(*) != 0 as should_warn,
      count(*) != 0 as should_error
    from (
      
    
  
    
    

with all_values as (

    select
        order_status as value_field,
        count(*) as n_records

    from "dev"."main"."stg_orders"
    group by order_status

)

select *
from all_values
where value_field not in (
    'delivered','shipped','canceled','invoiced','processing','approved','unavailable','created'
)



  
  
      
    ) dbt_internal_test
[0m20:27:00.508537 [debug] [Thread-1 (]: SQL status: OK in 0.009 seconds
[0m20:27:00.516007 [debug] [Thread-1 (]: On test.dbt_project_1.accepted_values_stg_orders_order_status__delivered__shipped__canceled__invoiced__processing__approved__unavailable__created.cb59e451c5: ROLLBACK
[0m20:27:00.516007 [debug] [Thread-1 (]: On test.dbt_project_1.accepted_values_stg_orders_order_status__delivered__shipped__canceled__invoiced__processing__approved__unavailable__created.cb59e451c5: Close
[0m20:27:00.516007 [info ] [Thread-1 (]: 1 of 7 PASS accepted_values_stg_orders_order_status__delivered__shipped__canceled__invoiced__processing__approved__unavailable__created  [[32mPASS[0m in 0.12s]
[0m20:27:00.516007 [debug] [Thread-1 (]: Finished running node test.dbt_project_1.accepted_values_stg_orders_order_status__delivered__shipped__canceled__invoiced__processing__approved__unavailable__created.cb59e451c5
[0m20:27:00.516007 [debug] [Thread-1 (]: Began running node test.dbt_project_1.not_null_stg_customers_customer_id.e2cfb1f9aa
[0m20:27:00.524814 [info ] [Thread-1 (]: 2 of 7 START test not_null_stg_customers_customer_id ........................... [RUN]
[0m20:27:00.525861 [debug] [Thread-1 (]: Re-using an available connection from the pool (formerly test.dbt_project_1.accepted_values_stg_orders_order_status__delivered__shipped__canceled__invoiced__processing__approved__unavailable__created.cb59e451c5, now test.dbt_project_1.not_null_stg_customers_customer_id.e2cfb1f9aa)
[0m20:27:00.525861 [debug] [Thread-1 (]: Began compiling node test.dbt_project_1.not_null_stg_customers_customer_id.e2cfb1f9aa
[0m20:27:00.552839 [debug] [Thread-1 (]: Writing injected SQL for node "test.dbt_project_1.not_null_stg_customers_customer_id.e2cfb1f9aa"
[0m20:27:00.561821 [debug] [Thread-1 (]: Began executing node test.dbt_project_1.not_null_stg_customers_customer_id.e2cfb1f9aa
[0m20:27:00.566358 [debug] [Thread-1 (]: Writing runtime sql for node "test.dbt_project_1.not_null_stg_customers_customer_id.e2cfb1f9aa"
[0m20:27:00.572132 [debug] [Thread-1 (]: Using duckdb connection "test.dbt_project_1.not_null_stg_customers_customer_id.e2cfb1f9aa"
[0m20:27:00.572132 [debug] [Thread-1 (]: On test.dbt_project_1.not_null_stg_customers_customer_id.e2cfb1f9aa: BEGIN
[0m20:27:00.574144 [debug] [Thread-1 (]: Opening a new connection, currently in state closed
[0m20:27:00.576153 [debug] [Thread-1 (]: SQL status: OK in 0.001 seconds
[0m20:27:00.576153 [debug] [Thread-1 (]: Using duckdb connection "test.dbt_project_1.not_null_stg_customers_customer_id.e2cfb1f9aa"
[0m20:27:00.578529 [debug] [Thread-1 (]: On test.dbt_project_1.not_null_stg_customers_customer_id.e2cfb1f9aa: /* {"app": "dbt", "dbt_version": "1.12.3", "profile_name": "dbt_project_1", "target_name": "dev_duckdb", "node_id": "test.dbt_project_1.not_null_stg_customers_customer_id.e2cfb1f9aa"} */

    
    select
      count(*) as failures,
      count(*) != 0 as should_warn,
      count(*) != 0 as should_error
    from (
      
    
  
    
    



select customer_id
from "dev"."main"."stg_customers"
where customer_id is null



  
  
      
    ) dbt_internal_test
[0m20:27:00.581722 [debug] [Thread-1 (]: SQL status: OK in 0.003 seconds
[0m20:27:00.585743 [debug] [Thread-1 (]: On test.dbt_project_1.not_null_stg_customers_customer_id.e2cfb1f9aa: ROLLBACK
[0m20:27:00.587754 [debug] [Thread-1 (]: On test.dbt_project_1.not_null_stg_customers_customer_id.e2cfb1f9aa: Close
[0m20:27:00.589765 [info ] [Thread-1 (]: 2 of 7 PASS not_null_stg_customers_customer_id ................................. [[32mPASS[0m in 0.06s]
[0m20:27:00.591775 [debug] [Thread-1 (]: Finished running node test.dbt_project_1.not_null_stg_customers_customer_id.e2cfb1f9aa
[0m20:27:00.591775 [debug] [Thread-1 (]: Began running node test.dbt_project_1.not_null_stg_orders_customer_id.af79d5e4b5
[0m20:27:00.593785 [info ] [Thread-1 (]: 3 of 7 START test not_null_stg_orders_customer_id .............................. [RUN]
[0m20:27:00.595825 [debug] [Thread-1 (]: Re-using an available connection from the pool (formerly test.dbt_project_1.not_null_stg_customers_customer_id.e2cfb1f9aa, now test.dbt_project_1.not_null_stg_orders_customer_id.af79d5e4b5)
[0m20:27:00.597842 [debug] [Thread-1 (]: Began compiling node test.dbt_project_1.not_null_stg_orders_customer_id.af79d5e4b5
[0m20:27:00.618593 [debug] [Thread-1 (]: Writing injected SQL for node "test.dbt_project_1.not_null_stg_orders_customer_id.af79d5e4b5"
[0m20:27:00.624627 [debug] [Thread-1 (]: Began executing node test.dbt_project_1.not_null_stg_orders_customer_id.af79d5e4b5
[0m20:27:00.629722 [debug] [Thread-1 (]: Writing runtime sql for node "test.dbt_project_1.not_null_stg_orders_customer_id.af79d5e4b5"
[0m20:27:00.635060 [debug] [Thread-1 (]: Using duckdb connection "test.dbt_project_1.not_null_stg_orders_customer_id.af79d5e4b5"
[0m20:27:00.635060 [debug] [Thread-1 (]: On test.dbt_project_1.not_null_stg_orders_customer_id.af79d5e4b5: BEGIN
[0m20:27:00.636820 [debug] [Thread-1 (]: Opening a new connection, currently in state closed
[0m20:27:00.636820 [debug] [Thread-1 (]: SQL status: OK in 0.001 seconds
[0m20:27:00.638830 [debug] [Thread-1 (]: Using duckdb connection "test.dbt_project_1.not_null_stg_orders_customer_id.af79d5e4b5"
[0m20:27:00.638830 [debug] [Thread-1 (]: On test.dbt_project_1.not_null_stg_orders_customer_id.af79d5e4b5: /* {"app": "dbt", "dbt_version": "1.12.3", "profile_name": "dbt_project_1", "target_name": "dev_duckdb", "node_id": "test.dbt_project_1.not_null_stg_orders_customer_id.af79d5e4b5"} */

    
    select
      count(*) as failures,
      count(*) != 0 as should_warn,
      count(*) != 0 as should_error
    from (
      
    
  
    
    



select customer_id
from "dev"."main"."stg_orders"
where customer_id is null



  
  
      
    ) dbt_internal_test
[0m20:27:00.642899 [debug] [Thread-1 (]: SQL status: OK in 0.002 seconds
[0m20:27:00.646719 [debug] [Thread-1 (]: On test.dbt_project_1.not_null_stg_orders_customer_id.af79d5e4b5: ROLLBACK
[0m20:27:00.649577 [debug] [Thread-1 (]: On test.dbt_project_1.not_null_stg_orders_customer_id.af79d5e4b5: Close
[0m20:27:00.651235 [info ] [Thread-1 (]: 3 of 7 PASS not_null_stg_orders_customer_id .................................... [[32mPASS[0m in 0.05s]
[0m20:27:00.652992 [debug] [Thread-1 (]: Finished running node test.dbt_project_1.not_null_stg_orders_customer_id.af79d5e4b5
[0m20:27:00.655004 [debug] [Thread-1 (]: Began running node test.dbt_project_1.not_null_stg_orders_order_id.81cfe2fe64
[0m20:27:00.655004 [info ] [Thread-1 (]: 4 of 7 START test not_null_stg_orders_order_id ................................. [RUN]
[0m20:27:00.657021 [debug] [Thread-1 (]: Re-using an available connection from the pool (formerly test.dbt_project_1.not_null_stg_orders_customer_id.af79d5e4b5, now test.dbt_project_1.not_null_stg_orders_order_id.81cfe2fe64)
[0m20:27:00.657021 [debug] [Thread-1 (]: Began compiling node test.dbt_project_1.not_null_stg_orders_order_id.81cfe2fe64
[0m20:27:00.680565 [debug] [Thread-1 (]: Writing injected SQL for node "test.dbt_project_1.not_null_stg_orders_order_id.81cfe2fe64"
[0m20:27:00.686470 [debug] [Thread-1 (]: Began executing node test.dbt_project_1.not_null_stg_orders_order_id.81cfe2fe64
[0m20:27:00.689994 [debug] [Thread-1 (]: Writing runtime sql for node "test.dbt_project_1.not_null_stg_orders_order_id.81cfe2fe64"
[0m20:27:00.696576 [debug] [Thread-1 (]: Using duckdb connection "test.dbt_project_1.not_null_stg_orders_order_id.81cfe2fe64"
[0m20:27:00.697336 [debug] [Thread-1 (]: On test.dbt_project_1.not_null_stg_orders_order_id.81cfe2fe64: BEGIN
[0m20:27:00.697336 [debug] [Thread-1 (]: Opening a new connection, currently in state closed
[0m20:27:00.700363 [debug] [Thread-1 (]: SQL status: OK in 0.002 seconds
[0m20:27:00.700363 [debug] [Thread-1 (]: Using duckdb connection "test.dbt_project_1.not_null_stg_orders_order_id.81cfe2fe64"
[0m20:27:00.702378 [debug] [Thread-1 (]: On test.dbt_project_1.not_null_stg_orders_order_id.81cfe2fe64: /* {"app": "dbt", "dbt_version": "1.12.3", "profile_name": "dbt_project_1", "target_name": "dev_duckdb", "node_id": "test.dbt_project_1.not_null_stg_orders_order_id.81cfe2fe64"} */

    
    select
      count(*) as failures,
      count(*) != 0 as should_warn,
      count(*) != 0 as should_error
    from (
      
    
  
    
    



select order_id
from "dev"."main"."stg_orders"
where order_id is null



  
  
      
    ) dbt_internal_test
[0m20:27:00.706399 [debug] [Thread-1 (]: SQL status: OK in 0.002 seconds
[0m20:27:00.708417 [debug] [Thread-1 (]: On test.dbt_project_1.not_null_stg_orders_order_id.81cfe2fe64: ROLLBACK
[0m20:27:00.710452 [debug] [Thread-1 (]: On test.dbt_project_1.not_null_stg_orders_order_id.81cfe2fe64: Close
[0m20:27:00.712141 [info ] [Thread-1 (]: 4 of 7 PASS not_null_stg_orders_order_id ....................................... [[32mPASS[0m in 0.06s]
[0m20:27:00.714730 [debug] [Thread-1 (]: Finished running node test.dbt_project_1.not_null_stg_orders_order_id.81cfe2fe64
[0m20:27:00.716487 [debug] [Thread-1 (]: Began running node test.dbt_project_1.not_null_stg_payments_order_id.601cf57649
[0m20:27:00.717515 [info ] [Thread-1 (]: 5 of 7 START test not_null_stg_payments_order_id ............................... [RUN]
[0m20:27:00.719107 [debug] [Thread-1 (]: Re-using an available connection from the pool (formerly test.dbt_project_1.not_null_stg_orders_order_id.81cfe2fe64, now test.dbt_project_1.not_null_stg_payments_order_id.601cf57649)
[0m20:27:00.719107 [debug] [Thread-1 (]: Began compiling node test.dbt_project_1.not_null_stg_payments_order_id.601cf57649
[0m20:27:00.738163 [debug] [Thread-1 (]: Writing injected SQL for node "test.dbt_project_1.not_null_stg_payments_order_id.601cf57649"
[0m20:27:00.741188 [debug] [Thread-1 (]: Began executing node test.dbt_project_1.not_null_stg_payments_order_id.601cf57649
[0m20:27:00.747455 [debug] [Thread-1 (]: Writing runtime sql for node "test.dbt_project_1.not_null_stg_payments_order_id.601cf57649"
[0m20:27:00.754375 [debug] [Thread-1 (]: Using duckdb connection "test.dbt_project_1.not_null_stg_payments_order_id.601cf57649"
[0m20:27:00.754375 [debug] [Thread-1 (]: On test.dbt_project_1.not_null_stg_payments_order_id.601cf57649: BEGIN
[0m20:27:00.756391 [debug] [Thread-1 (]: Opening a new connection, currently in state closed
[0m20:27:00.756391 [debug] [Thread-1 (]: SQL status: OK in 0.001 seconds
[0m20:27:00.758401 [debug] [Thread-1 (]: Using duckdb connection "test.dbt_project_1.not_null_stg_payments_order_id.601cf57649"
[0m20:27:00.758401 [debug] [Thread-1 (]: On test.dbt_project_1.not_null_stg_payments_order_id.601cf57649: /* {"app": "dbt", "dbt_version": "1.12.3", "profile_name": "dbt_project_1", "target_name": "dev_duckdb", "node_id": "test.dbt_project_1.not_null_stg_payments_order_id.601cf57649"} */

    
    select
      count(*) as failures,
      count(*) != 0 as should_warn,
      count(*) != 0 as should_error
    from (
      
    
  
    
    



select order_id
from "dev"."main"."stg_payments"
where order_id is null



  
  
      
    ) dbt_internal_test
[0m20:27:00.762763 [debug] [Thread-1 (]: SQL status: OK in 0.003 seconds
[0m20:27:00.766539 [debug] [Thread-1 (]: On test.dbt_project_1.not_null_stg_payments_order_id.601cf57649: ROLLBACK
[0m20:27:00.768549 [debug] [Thread-1 (]: On test.dbt_project_1.not_null_stg_payments_order_id.601cf57649: Close
[0m20:27:00.768549 [info ] [Thread-1 (]: 5 of 7 PASS not_null_stg_payments_order_id ..................................... [[32mPASS[0m in 0.05s]
[0m20:27:00.770560 [debug] [Thread-1 (]: Finished running node test.dbt_project_1.not_null_stg_payments_order_id.601cf57649
[0m20:27:00.772572 [debug] [Thread-1 (]: Began running node test.dbt_project_1.unique_stg_customers_customer_id.c7614daada
[0m20:27:00.773582 [info ] [Thread-1 (]: 6 of 7 START test unique_stg_customers_customer_id ............................. [RUN]
[0m20:27:00.774757 [debug] [Thread-1 (]: Re-using an available connection from the pool (formerly test.dbt_project_1.not_null_stg_payments_order_id.601cf57649, now test.dbt_project_1.unique_stg_customers_customer_id.c7614daada)
[0m20:27:00.774757 [debug] [Thread-1 (]: Began compiling node test.dbt_project_1.unique_stg_customers_customer_id.c7614daada
[0m20:27:00.802703 [debug] [Thread-1 (]: Writing injected SQL for node "test.dbt_project_1.unique_stg_customers_customer_id.c7614daada"
[0m20:27:00.807600 [debug] [Thread-1 (]: Began executing node test.dbt_project_1.unique_stg_customers_customer_id.c7614daada
[0m20:27:00.813460 [debug] [Thread-1 (]: Writing runtime sql for node "test.dbt_project_1.unique_stg_customers_customer_id.c7614daada"
[0m20:27:00.818509 [debug] [Thread-1 (]: Using duckdb connection "test.dbt_project_1.unique_stg_customers_customer_id.c7614daada"
[0m20:27:00.818509 [debug] [Thread-1 (]: On test.dbt_project_1.unique_stg_customers_customer_id.c7614daada: BEGIN
[0m20:27:00.820522 [debug] [Thread-1 (]: Opening a new connection, currently in state closed
[0m20:27:00.822540 [debug] [Thread-1 (]: SQL status: OK in 0.001 seconds
[0m20:27:00.822540 [debug] [Thread-1 (]: Using duckdb connection "test.dbt_project_1.unique_stg_customers_customer_id.c7614daada"
[0m20:27:00.822540 [debug] [Thread-1 (]: On test.dbt_project_1.unique_stg_customers_customer_id.c7614daada: /* {"app": "dbt", "dbt_version": "1.12.3", "profile_name": "dbt_project_1", "target_name": "dev_duckdb", "node_id": "test.dbt_project_1.unique_stg_customers_customer_id.c7614daada"} */

    
    select
      count(*) as failures,
      count(*) != 0 as should_warn,
      count(*) != 0 as should_error
    from (
      
    
  
    
    

select
    customer_id as unique_field,
    count(*) as n_records

from "dev"."main"."stg_customers"
where customer_id is not null
group by customer_id
having count(*) > 1



  
  
      
    ) dbt_internal_test
[0m20:27:00.867953 [debug] [Thread-1 (]: SQL status: OK in 0.043 seconds
[0m20:27:00.871983 [debug] [Thread-1 (]: On test.dbt_project_1.unique_stg_customers_customer_id.c7614daada: ROLLBACK
[0m20:27:00.873996 [debug] [Thread-1 (]: On test.dbt_project_1.unique_stg_customers_customer_id.c7614daada: Close
[0m20:27:00.873996 [info ] [Thread-1 (]: 6 of 7 PASS unique_stg_customers_customer_id ................................... [[32mPASS[0m in 0.10s]
[0m20:27:00.875992 [debug] [Thread-1 (]: Finished running node test.dbt_project_1.unique_stg_customers_customer_id.c7614daada
[0m20:27:00.878025 [debug] [Thread-1 (]: Began running node test.dbt_project_1.unique_stg_orders_order_id.e3b841c71a
[0m20:27:00.879040 [info ] [Thread-1 (]: 7 of 7 START test unique_stg_orders_order_id ................................... [RUN]
[0m20:27:00.881051 [debug] [Thread-1 (]: Re-using an available connection from the pool (formerly test.dbt_project_1.unique_stg_customers_customer_id.c7614daada, now test.dbt_project_1.unique_stg_orders_order_id.e3b841c71a)
[0m20:27:00.881051 [debug] [Thread-1 (]: Began compiling node test.dbt_project_1.unique_stg_orders_order_id.e3b841c71a
[0m20:27:00.903446 [debug] [Thread-1 (]: Writing injected SQL for node "test.dbt_project_1.unique_stg_orders_order_id.e3b841c71a"
[0m20:27:00.910486 [debug] [Thread-1 (]: Began executing node test.dbt_project_1.unique_stg_orders_order_id.e3b841c71a
[0m20:27:00.915315 [debug] [Thread-1 (]: Writing runtime sql for node "test.dbt_project_1.unique_stg_orders_order_id.e3b841c71a"
[0m20:27:00.920619 [debug] [Thread-1 (]: Using duckdb connection "test.dbt_project_1.unique_stg_orders_order_id.e3b841c71a"
[0m20:27:00.922374 [debug] [Thread-1 (]: On test.dbt_project_1.unique_stg_orders_order_id.e3b841c71a: BEGIN
[0m20:27:00.922374 [debug] [Thread-1 (]: Opening a new connection, currently in state closed
[0m20:27:00.924387 [debug] [Thread-1 (]: SQL status: OK in 0.001 seconds
[0m20:27:00.925900 [debug] [Thread-1 (]: Using duckdb connection "test.dbt_project_1.unique_stg_orders_order_id.e3b841c71a"
[0m20:27:00.925900 [debug] [Thread-1 (]: On test.dbt_project_1.unique_stg_orders_order_id.e3b841c71a: /* {"app": "dbt", "dbt_version": "1.12.3", "profile_name": "dbt_project_1", "target_name": "dev_duckdb", "node_id": "test.dbt_project_1.unique_stg_orders_order_id.e3b841c71a"} */

    
    select
      count(*) as failures,
      count(*) != 0 as should_warn,
      count(*) != 0 as should_error
    from (
      
    
  
    
    

select
    order_id as unique_field,
    count(*) as n_records

from "dev"."main"."stg_orders"
where order_id is not null
group by order_id
having count(*) > 1



  
  
      
    ) dbt_internal_test
[0m20:27:00.968749 [debug] [Thread-1 (]: SQL status: OK in 0.041 seconds
[0m20:27:00.973459 [debug] [Thread-1 (]: On test.dbt_project_1.unique_stg_orders_order_id.e3b841c71a: ROLLBACK
[0m20:27:00.974476 [debug] [Thread-1 (]: On test.dbt_project_1.unique_stg_orders_order_id.e3b841c71a: Close
[0m20:27:00.976490 [info ] [Thread-1 (]: 7 of 7 PASS unique_stg_orders_order_id ......................................... [[32mPASS[0m in 0.10s]
[0m20:27:01.012455 [debug] [Thread-1 (]: Finished running node test.dbt_project_1.unique_stg_orders_order_id.e3b841c71a
[0m20:27:01.016615 [debug] [MainThread]: Using duckdb connection "master"
[0m20:27:01.028863 [debug] [MainThread]: On master: BEGIN
[0m20:27:01.028863 [debug] [MainThread]: Opening a new connection, currently in state closed
[0m20:27:01.030884 [debug] [MainThread]: SQL status: OK in 0.002 seconds
[0m20:27:01.032902 [debug] [MainThread]: On master: COMMIT
[0m20:27:01.032902 [debug] [MainThread]: Using duckdb connection "master"
[0m20:27:01.032902 [debug] [MainThread]: On master: COMMIT
[0m20:27:01.034914 [debug] [MainThread]: SQL status: OK in 0.000 seconds
[0m20:27:01.034914 [debug] [MainThread]: On master: Close
[0m20:27:01.036929 [debug] [MainThread]: Connection 'master' was properly closed.
[0m20:27:01.036929 [debug] [MainThread]: Connection 'list_dev_main' was properly closed.
[0m20:27:01.036929 [debug] [MainThread]: Connection 'test.dbt_project_1.unique_stg_orders_order_id.e3b841c71a' was properly closed.
[0m20:27:01.039447 [info ] [MainThread]: 
[0m20:27:01.044615 [info ] [MainThread]: Finished running 7 data tests in 0 hours 0 minutes and 1.31 seconds (1.31s).
[0m20:27:01.050883 [debug] [MainThread]: Command end result
[0m20:27:01.135033 [debug] [MainThread]: Wrote artifact WritableManifest to C:\Users\gurs\Documents\gs_dbt_project\dbt_project_1\target\manifest.json
[0m20:27:01.147523 [debug] [MainThread]: Wrote artifact SemanticManifest to C:\Users\gurs\Documents\gs_dbt_project\dbt_project_1\target\semantic_manifest.json
[0m20:27:01.157550 [debug] [MainThread]: Wrote artifact OsiDocument to C:\Users\gurs\Documents\gs_dbt_project\dbt_project_1\target\osi_document.json
[0m20:27:01.173421 [debug] [MainThread]: Wrote artifact RunExecutionResult to C:\Users\gurs\Documents\gs_dbt_project\dbt_project_1\target\run_results.json
[0m20:27:01.175161 [info ] [MainThread]: 
[0m20:27:01.177169 [info ] [MainThread]: [32mCompleted successfully[0m
[0m20:27:01.177169 [info ] [MainThread]: 
[0m20:27:01.177169 [info ] [MainThread]: Done. PASS=7 WARN=0 ERROR=0 SKIP=0 NO-OP=0 REUSED=0 TOTAL=7
[0m20:27:01.181405 [debug] [MainThread]: Command `dbt test` succeeded at 20:27:01.181405 after 9.53 seconds
[0m20:27:01.181405 [debug] [MainThread]: Sending event: {'category': 'dbt', 'action': 'invocation', 'label': 'end', 'context': [<snowplow_tracker.self_describing_json.SelfDescribingJson object at 0x0000026B7BE13770>, <snowplow_tracker.self_describing_json.SelfDescribingJson object at 0x0000026B7DF08230>, <snowplow_tracker.self_describing_json.SelfDescribingJson object at 0x0000026B7A0C7500>]}
[0m20:27:01.183418 [debug] [MainThread]: Flushing usage events
[0m20:27:02.382368 [debug] [MainThread]: An error was encountered while trying to flush usage events
[0m20:41:44.254020 [debug] [MainThread]: Sending event: {'category': 'dbt', 'action': 'invocation', 'label': 'start', 'context': [<snowplow_tracker.self_describing_json.SelfDescribingJson object at 0x0000027A01722D80>, <snowplow_tracker.self_describing_json.SelfDescribingJson object at 0x0000027A01D5F530>, <snowplow_tracker.self_describing_json.SelfDescribingJson object at 0x0000027A01D5C8C0>]}


============================== 20:41:44.259937 | c66519e4-26b9-483d-b55d-60e46094d748 ==============================
[0m20:41:44.259937 [info ] [MainThread]: Running with dbt=1.12.3
[0m20:41:44.259937 [debug] [MainThread]: running dbt with arguments {'maximum_seed_size_mib': '1', 'no_print': 'None', 'static_parser': 'True', 'warn_error_options': 'WarnErrorOptionsV2(error=[], warn=[], silence=[])', 'version_check': 'True', 'target_path': 'None', 'printer_width': '80', 'write_json': 'True', 'introspect': 'True', 'log_cache_events': 'False', 'empty': 'False', 'cache_selected_only': 'False', 'fail_fast': 'False', 'debug': 'False', 'log_format': 'default', 'partial_parse': 'True', 'send_anonymous_usage_stats': 'True', 'quiet': 'False', 'warn_error': 'None', 'profiles_dir': 'C:\\Users\\gurs\\.dbt', 'invocation_command': 'dbt run', 'hints_enabled': 'True', 'indirect_selection': 'eager', 'use_experimental_parser': 'False', 'use_colors': 'True', 'log_path': 'C:\\Users\\gurs\\Documents\\gs_dbt_project\\dbt_project_1\\logs'}
[0m20:41:44.519629 [debug] [MainThread]: Sending event: {'category': 'dbt', 'action': 'project_id', 'label': 'c66519e4-26b9-483d-b55d-60e46094d748', 'context': [<snowplow_tracker.self_describing_json.SelfDescribingJson object at 0x0000027A043CF0E0>]}
[0m20:41:44.582352 [debug] [MainThread]: Sending event: {'category': 'dbt', 'action': 'adapter_info', 'label': 'c66519e4-26b9-483d-b55d-60e46094d748', 'context': [<snowplow_tracker.self_describing_json.SelfDescribingJson object at 0x0000027A040A0A10>]}
[0m20:41:44.586265 [info ] [MainThread]: Registered adapter: duckdb=1.11.0
[0m20:41:45.219493 [debug] [MainThread]: checksum: e540a061191ca25dcec8cdd954961cf24eb37726dcfe9ac0012df58d683b378a, vars: {}, profile: dbt_project_1, target: dev_duckdb, version: 1.12.3
[0m20:41:45.488558 [debug] [MainThread]: Partial parsing enabled: 0 files deleted, 4 files added, 0 files changed.
[0m20:41:45.488558 [debug] [MainThread]: Partial parsing: added file: dbt_project_1://macros\pivot_payments.sql
[0m20:41:45.488558 [debug] [MainThread]: Partial parsing: added file: dbt_project_1://models\intermediate\int_payments_pivoted.sql
[0m20:41:45.488558 [debug] [MainThread]: Partial parsing: added file: dbt_project_1://models\marts\fct_orders.sql
[0m20:41:45.488558 [debug] [MainThread]: Partial parsing: added file: dbt_project_1://models\marts\schema.yml
[0m20:41:46.270220 [debug] [MainThread]: Sending event: {'category': 'dbt', 'action': 'load_project', 'label': 'c66519e4-26b9-483d-b55d-60e46094d748', 'context': [<snowplow_tracker.self_describing_json.SelfDescribingJson object at 0x0000027A04534530>]}
[0m20:41:46.372314 [debug] [MainThread]: Wrote artifact WritableManifest to C:\Users\gurs\Documents\gs_dbt_project\dbt_project_1\target\manifest.json
[0m20:41:46.378356 [debug] [MainThread]: Wrote artifact SemanticManifest to C:\Users\gurs\Documents\gs_dbt_project\dbt_project_1\target\semantic_manifest.json
[0m20:41:46.430016 [debug] [MainThread]: Wrote artifact OsiDocument to C:\Users\gurs\Documents\gs_dbt_project\dbt_project_1\target\osi_document.json
[0m20:41:46.458028 [debug] [MainThread]: Sending event: {'category': 'dbt', 'action': 'resource_counts', 'label': 'c66519e4-26b9-483d-b55d-60e46094d748', 'context': [<snowplow_tracker.self_describing_json.SelfDescribingJson object at 0x0000027A05D5A690>]}
[0m20:41:46.458028 [info ] [MainThread]: Found 7 models, 3 seeds, 15 data tests, 501 macros
[0m20:41:46.458028 [debug] [MainThread]: Sending event: {'category': 'dbt', 'action': 'runnable_timing', 'label': 'c66519e4-26b9-483d-b55d-60e46094d748', 'context': [<snowplow_tracker.self_describing_json.SelfDescribingJson object at 0x0000027A047FD250>]}
[0m20:41:46.462504 [info ] [MainThread]: 
[0m20:41:46.462504 [info ] [MainThread]: Concurrency: 1 threads (target='dev_duckdb')
[0m20:41:46.462504 [info ] [MainThread]: 
[0m20:41:46.465537 [debug] [MainThread]: Acquiring new duckdb connection 'master'
[0m20:41:46.474923 [debug] [ThreadPool]: Acquiring new duckdb connection 'list_dev'
[0m20:41:46.764693 [debug] [ThreadPool]: Using duckdb connection "list_dev"
[0m20:41:46.766709 [debug] [ThreadPool]: On list_dev: /* {"app": "dbt", "dbt_version": "1.12.3", "profile_name": "dbt_project_1", "target_name": "dev_duckdb", "connection_name": "list_dev"} */

    
    select schema_name
    from system.information_schema.schemata
    
    where lower(catalog_name) = '"dev"'
    
  
  
[0m20:41:46.766709 [debug] [ThreadPool]: Opening a new connection, currently in state init
[0m20:41:46.776924 [debug] [ThreadPool]: SQL status: OK in 0.019 seconds
[0m20:41:46.787270 [debug] [ThreadPool]: On list_dev: Close
[0m20:41:46.787270 [debug] [ThreadPool]: Re-using an available connection from the pool (formerly list_dev, now create_dev_main)
[0m20:41:46.787270 [debug] [ThreadPool]: Creating schema "database: "dev"
schema: "main"
"
[0m20:41:46.800931 [debug] [ThreadPool]: Using duckdb connection "create_dev_main"
[0m20:41:46.800931 [debug] [ThreadPool]: On create_dev_main: /* {"app": "dbt", "dbt_version": "1.12.3", "profile_name": "dbt_project_1", "target_name": "dev_duckdb", "connection_name": "create_dev_main"} */

    
        select type from duckdb_databases()
        where lower(database_name)='dev'
        and type != 'duckdb'
    
  
[0m20:41:46.800931 [debug] [ThreadPool]: Opening a new connection, currently in state closed
[0m20:41:46.800931 [debug] [ThreadPool]: SQL status: OK in 0.001 seconds
[0m20:41:46.800931 [debug] [ThreadPool]: Using duckdb connection "create_dev_main"
[0m20:41:46.800931 [debug] [ThreadPool]: On create_dev_main: BEGIN
[0m20:41:46.800931 [debug] [ThreadPool]: SQL status: OK in 0.000 seconds
[0m20:41:46.800931 [debug] [ThreadPool]: Using duckdb connection "create_dev_main"
[0m20:41:46.808149 [debug] [ThreadPool]: On create_dev_main: /* {"app": "dbt", "dbt_version": "1.12.3", "profile_name": "dbt_project_1", "target_name": "dev_duckdb", "connection_name": "create_dev_main"} */

    
    
        create schema if not exists "dev"."main"
    
[0m20:41:46.810062 [debug] [ThreadPool]: SQL status: OK in 0.001 seconds
[0m20:41:46.811894 [debug] [ThreadPool]: On create_dev_main: COMMIT
[0m20:41:46.812479 [debug] [ThreadPool]: Using duckdb connection "create_dev_main"
[0m20:41:46.813057 [debug] [ThreadPool]: On create_dev_main: COMMIT
[0m20:41:46.813635 [debug] [ThreadPool]: SQL status: OK in 0.000 seconds
[0m20:41:46.814209 [debug] [ThreadPool]: On create_dev_main: Close
[0m20:41:46.817674 [debug] [ThreadPool]: Acquiring new duckdb connection 'list_dev_main'
[0m20:41:46.824206 [debug] [ThreadPool]: Using duckdb connection "list_dev_main"
[0m20:41:46.824206 [debug] [ThreadPool]: On list_dev_main: BEGIN
[0m20:41:46.824206 [debug] [ThreadPool]: Opening a new connection, currently in state init
[0m20:41:46.824206 [debug] [ThreadPool]: SQL status: OK in 0.001 seconds
[0m20:41:46.824206 [debug] [ThreadPool]: Using duckdb connection "list_dev_main"
[0m20:41:46.826220 [debug] [ThreadPool]: On list_dev_main: /* {"app": "dbt", "dbt_version": "1.12.3", "profile_name": "dbt_project_1", "target_name": "dev_duckdb", "connection_name": "list_dev_main"} */
select
      'dev' as database,
      table_name as name,
      table_schema as schema,
      CASE table_type
        WHEN 'BASE TABLE' THEN 'table'
        WHEN 'VIEW' THEN 'view'
        WHEN 'LOCAL TEMPORARY' THEN 'table'
        END as type
    from system.information_schema.tables
    where lower(table_schema) = 'main'
    and lower(table_catalog) = 'dev'
  
[0m20:41:46.826220 [debug] [ThreadPool]: SQL status: OK in 0.003 seconds
[0m20:41:46.830992 [debug] [ThreadPool]: On list_dev_main: ROLLBACK
[0m20:41:46.830992 [debug] [ThreadPool]: On list_dev_main: Close
[0m20:41:46.830992 [debug] [MainThread]: Sending event: {'category': 'dbt', 'action': 'runnable_timing', 'label': 'c66519e4-26b9-483d-b55d-60e46094d748', 'context': [<snowplow_tracker.self_describing_json.SelfDescribingJson object at 0x0000027A04C75F10>]}
[0m20:41:46.833007 [debug] [MainThread]: Using duckdb connection "master"
[0m20:41:46.833007 [debug] [MainThread]: On master: BEGIN
[0m20:41:46.833007 [debug] [MainThread]: Opening a new connection, currently in state init
[0m20:41:46.833007 [debug] [MainThread]: SQL status: OK in 0.000 seconds
[0m20:41:46.833007 [debug] [MainThread]: On master: COMMIT
[0m20:41:46.833007 [debug] [MainThread]: Using duckdb connection "master"
[0m20:41:46.833007 [debug] [MainThread]: On master: COMMIT
[0m20:41:46.835024 [debug] [MainThread]: SQL status: OK in 0.000 seconds
[0m20:41:46.835024 [debug] [MainThread]: On master: Close
[0m20:41:46.841675 [debug] [Thread-1 (]: Began running node model.dbt_project_1.my_first_dbt_model
[0m20:41:46.841675 [info ] [Thread-1 (]: 1 of 7 START sql table model main.my_first_dbt_model ........................... [RUN]
[0m20:41:46.841675 [debug] [Thread-1 (]: Acquiring new duckdb connection 'model.dbt_project_1.my_first_dbt_model'
[0m20:41:46.841675 [debug] [Thread-1 (]: Began compiling node model.dbt_project_1.my_first_dbt_model
[0m20:41:46.841675 [debug] [Thread-1 (]: Writing injected SQL for node "model.dbt_project_1.my_first_dbt_model"
[0m20:41:46.850572 [debug] [Thread-1 (]: Began executing node model.dbt_project_1.my_first_dbt_model
[0m20:41:46.899693 [debug] [Thread-1 (]: Writing runtime sql for node "model.dbt_project_1.my_first_dbt_model"
[0m20:41:46.906060 [debug] [Thread-1 (]: Using duckdb connection "model.dbt_project_1.my_first_dbt_model"
[0m20:41:46.906060 [debug] [Thread-1 (]: On model.dbt_project_1.my_first_dbt_model: BEGIN
[0m20:41:46.906060 [debug] [Thread-1 (]: Opening a new connection, currently in state init
[0m20:41:46.906060 [debug] [Thread-1 (]: SQL status: OK in 0.001 seconds
[0m20:41:46.906060 [debug] [Thread-1 (]: Using duckdb connection "model.dbt_project_1.my_first_dbt_model"
[0m20:41:46.906060 [debug] [Thread-1 (]: On model.dbt_project_1.my_first_dbt_model: /* {"app": "dbt", "dbt_version": "1.12.3", "profile_name": "dbt_project_1", "target_name": "dev_duckdb", "node_id": "model.dbt_project_1.my_first_dbt_model"} */

    

    create  table
      "dev"."main"."my_first_dbt_model__dbt_tmp"
  
    
    as (
      /*
    Welcome to your first dbt model!
    Did you know that you can also configure models directly within SQL files?
    This will override configurations stated in dbt_project.yml

    Try changing "table" to "view" below
*/



with source_data as (

    select 1 as id
    union all
    select null as id

)

select *
from source_data

/*
    Uncomment the line below to remove records with null `id` values
*/

-- where id is not null
    );
    
  
[0m20:41:46.906060 [debug] [Thread-1 (]: SQL status: OK in 0.001 seconds
[0m20:41:46.912763 [debug] [Thread-1 (]: Using duckdb connection "model.dbt_project_1.my_first_dbt_model"
[0m20:41:46.912763 [debug] [Thread-1 (]: On model.dbt_project_1.my_first_dbt_model: /* {"app": "dbt", "dbt_version": "1.12.3", "profile_name": "dbt_project_1", "target_name": "dev_duckdb", "node_id": "model.dbt_project_1.my_first_dbt_model"} */
alter table "dev"."main"."my_first_dbt_model__dbt_tmp" rename to "my_first_dbt_model"
[0m20:41:46.917238 [debug] [Thread-1 (]: SQL status: OK in 0.000 seconds
[0m20:41:46.928846 [debug] [Thread-1 (]: On model.dbt_project_1.my_first_dbt_model: COMMIT
[0m20:41:46.928846 [debug] [Thread-1 (]: Using duckdb connection "model.dbt_project_1.my_first_dbt_model"
[0m20:41:46.928846 [debug] [Thread-1 (]: On model.dbt_project_1.my_first_dbt_model: COMMIT
[0m20:41:46.944490 [debug] [Thread-1 (]: SQL status: OK in 0.016 seconds
[0m20:41:46.957041 [debug] [Thread-1 (]: Using duckdb connection "model.dbt_project_1.my_first_dbt_model"
[0m20:41:46.957041 [debug] [Thread-1 (]: On model.dbt_project_1.my_first_dbt_model: /* {"app": "dbt", "dbt_version": "1.12.3", "profile_name": "dbt_project_1", "target_name": "dev_duckdb", "node_id": "model.dbt_project_1.my_first_dbt_model"} */

      drop table if exists "dev"."main"."my_first_dbt_model__dbt_backup" cascade
    
[0m20:41:46.958487 [debug] [Thread-1 (]: SQL status: OK in 0.001 seconds
[0m20:41:46.960774 [debug] [Thread-1 (]: On model.dbt_project_1.my_first_dbt_model: Close
[0m20:41:46.967455 [debug] [Thread-1 (]: Sending event: {'category': 'dbt', 'action': 'run_model', 'label': 'c66519e4-26b9-483d-b55d-60e46094d748', 'context': [<snowplow_tracker.self_describing_json.SelfDescribingJson object at 0x0000027A043CE210>]}
[0m20:41:46.967455 [info ] [Thread-1 (]: 1 of 7 OK created sql table model main.my_first_dbt_model ...................... [[32mOK[0m in 0.12s]
[0m20:41:46.971256 [debug] [Thread-1 (]: Finished running node model.dbt_project_1.my_first_dbt_model
[0m20:41:46.971256 [debug] [Thread-1 (]: Began running node model.dbt_project_1.stg_customers
[0m20:41:46.973296 [info ] [Thread-1 (]: 2 of 7 START sql view model main.stg_customers ................................. [RUN]
[0m20:41:46.973296 [debug] [Thread-1 (]: Re-using an available connection from the pool (formerly model.dbt_project_1.my_first_dbt_model, now model.dbt_project_1.stg_customers)
[0m20:41:46.973296 [debug] [Thread-1 (]: Began compiling node model.dbt_project_1.stg_customers
[0m20:41:46.976301 [debug] [Thread-1 (]: Writing injected SQL for node "model.dbt_project_1.stg_customers"
[0m20:41:46.980418 [debug] [Thread-1 (]: Began executing node model.dbt_project_1.stg_customers
[0m20:41:47.002786 [debug] [Thread-1 (]: Writing runtime sql for node "model.dbt_project_1.stg_customers"
[0m20:41:47.002786 [debug] [Thread-1 (]: Using duckdb connection "model.dbt_project_1.stg_customers"
[0m20:41:47.008689 [debug] [Thread-1 (]: On model.dbt_project_1.stg_customers: BEGIN
[0m20:41:47.008689 [debug] [Thread-1 (]: Opening a new connection, currently in state closed
[0m20:41:47.008689 [debug] [Thread-1 (]: SQL status: OK in 0.001 seconds
[0m20:41:47.008689 [debug] [Thread-1 (]: Using duckdb connection "model.dbt_project_1.stg_customers"
[0m20:41:47.008689 [debug] [Thread-1 (]: On model.dbt_project_1.stg_customers: /* {"app": "dbt", "dbt_version": "1.12.3", "profile_name": "dbt_project_1", "target_name": "dev_duckdb", "node_id": "model.dbt_project_1.stg_customers"} */

  
  create view "dev"."main"."stg_customers__dbt_tmp" as (
    with source as (
    select * from "dev"."main"."raw_customers"
),

renamed as (
    select
        customer_id,
        customer_unique_id,
        customer_zip_code_prefix as zip_code,
        lower(customer_city) as city,
        upper(customer_state) as state
    from source
)

select * from renamed
  );

[0m20:41:47.012424 [debug] [Thread-1 (]: SQL status: OK in 0.001 seconds
[0m20:41:47.014250 [debug] [Thread-1 (]: Using duckdb connection "model.dbt_project_1.stg_customers"
[0m20:41:47.014250 [debug] [Thread-1 (]: On model.dbt_project_1.stg_customers: /* {"app": "dbt", "dbt_version": "1.12.3", "profile_name": "dbt_project_1", "target_name": "dev_duckdb", "node_id": "model.dbt_project_1.stg_customers"} */
alter view "dev"."main"."stg_customers" rename to "stg_customers__dbt_backup"
[0m20:41:47.016081 [debug] [Thread-1 (]: SQL status: OK in 0.000 seconds
[0m20:41:47.018156 [debug] [Thread-1 (]: Using duckdb connection "model.dbt_project_1.stg_customers"
[0m20:41:47.020170 [debug] [Thread-1 (]: On model.dbt_project_1.stg_customers: /* {"app": "dbt", "dbt_version": "1.12.3", "profile_name": "dbt_project_1", "target_name": "dev_duckdb", "node_id": "model.dbt_project_1.stg_customers"} */
alter view "dev"."main"."stg_customers__dbt_tmp" rename to "stg_customers"
[0m20:41:47.020170 [debug] [Thread-1 (]: SQL status: OK in 0.001 seconds
[0m20:41:47.025213 [debug] [Thread-1 (]: On model.dbt_project_1.stg_customers: COMMIT
[0m20:41:47.026487 [debug] [Thread-1 (]: Using duckdb connection "model.dbt_project_1.stg_customers"
[0m20:41:47.026487 [debug] [Thread-1 (]: On model.dbt_project_1.stg_customers: COMMIT
[0m20:41:47.033756 [debug] [Thread-1 (]: SQL status: OK in 0.007 seconds
[0m20:41:47.037848 [debug] [Thread-1 (]: Using duckdb connection "model.dbt_project_1.stg_customers"
[0m20:41:47.037848 [debug] [Thread-1 (]: On model.dbt_project_1.stg_customers: /* {"app": "dbt", "dbt_version": "1.12.3", "profile_name": "dbt_project_1", "target_name": "dev_duckdb", "node_id": "model.dbt_project_1.stg_customers"} */

      drop view if exists "dev"."main"."stg_customers__dbt_backup" cascade
    
[0m20:41:47.041126 [debug] [Thread-1 (]: SQL status: OK in 0.002 seconds
[0m20:41:47.044046 [debug] [Thread-1 (]: On model.dbt_project_1.stg_customers: Close
[0m20:41:47.044885 [debug] [Thread-1 (]: Sending event: {'category': 'dbt', 'action': 'run_model', 'label': 'c66519e4-26b9-483d-b55d-60e46094d748', 'context': [<snowplow_tracker.self_describing_json.SelfDescribingJson object at 0x0000027A06067710>]}
[0m20:41:47.045395 [info ] [Thread-1 (]: 2 of 7 OK created sql view model main.stg_customers ............................ [[32mOK[0m in 0.07s]
[0m20:41:47.045395 [debug] [Thread-1 (]: Finished running node model.dbt_project_1.stg_customers
[0m20:41:47.047406 [debug] [Thread-1 (]: Began running node model.dbt_project_1.stg_orders
[0m20:41:47.047406 [info ] [Thread-1 (]: 3 of 7 START sql view model main.stg_orders .................................... [RUN]
[0m20:41:47.047406 [debug] [Thread-1 (]: Re-using an available connection from the pool (formerly model.dbt_project_1.stg_customers, now model.dbt_project_1.stg_orders)
[0m20:41:47.049154 [debug] [Thread-1 (]: Began compiling node model.dbt_project_1.stg_orders
[0m20:41:47.052239 [debug] [Thread-1 (]: Writing injected SQL for node "model.dbt_project_1.stg_orders"
[0m20:41:47.054251 [debug] [Thread-1 (]: Began executing node model.dbt_project_1.stg_orders
[0m20:41:47.058042 [debug] [Thread-1 (]: Writing runtime sql for node "model.dbt_project_1.stg_orders"
[0m20:41:47.060098 [debug] [Thread-1 (]: Using duckdb connection "model.dbt_project_1.stg_orders"
[0m20:41:47.060098 [debug] [Thread-1 (]: On model.dbt_project_1.stg_orders: BEGIN
[0m20:41:47.060098 [debug] [Thread-1 (]: Opening a new connection, currently in state closed
[0m20:41:47.062112 [debug] [Thread-1 (]: SQL status: OK in 0.001 seconds
[0m20:41:47.062112 [debug] [Thread-1 (]: Using duckdb connection "model.dbt_project_1.stg_orders"
[0m20:41:47.063613 [debug] [Thread-1 (]: On model.dbt_project_1.stg_orders: /* {"app": "dbt", "dbt_version": "1.12.3", "profile_name": "dbt_project_1", "target_name": "dev_duckdb", "node_id": "model.dbt_project_1.stg_orders"} */

  
  create view "dev"."main"."stg_orders__dbt_tmp" as (
    with source as (
    select * from "dev"."main"."raw_orders"
),

renamed as (
    select
        order_id,
        customer_id,
        order_status,
        cast(order_purchase_timestamp as timestamp) as purchased_at,
        cast(order_approved_at as timestamp) as approved_at,
        cast(order_delivered_carrier_date as timestamp) as shipped_at,
        cast(order_delivered_customer_date as timestamp) as delivered_at,
        cast(order_estimated_delivery_date as timestamp) as estimated_delivery_at
    from source
)

select * from renamed
  );

[0m20:41:47.064797 [debug] [Thread-1 (]: SQL status: OK in 0.001 seconds
[0m20:41:47.069000 [debug] [Thread-1 (]: Using duckdb connection "model.dbt_project_1.stg_orders"
[0m20:41:47.070004 [debug] [Thread-1 (]: On model.dbt_project_1.stg_orders: /* {"app": "dbt", "dbt_version": "1.12.3", "profile_name": "dbt_project_1", "target_name": "dev_duckdb", "node_id": "model.dbt_project_1.stg_orders"} */
alter view "dev"."main"."stg_orders" rename to "stg_orders__dbt_backup"
[0m20:41:47.070004 [debug] [Thread-1 (]: SQL status: OK in 0.001 seconds
[0m20:41:47.073702 [debug] [Thread-1 (]: Using duckdb connection "model.dbt_project_1.stg_orders"
[0m20:41:47.074374 [debug] [Thread-1 (]: On model.dbt_project_1.stg_orders: /* {"app": "dbt", "dbt_version": "1.12.3", "profile_name": "dbt_project_1", "target_name": "dev_duckdb", "node_id": "model.dbt_project_1.stg_orders"} */
alter view "dev"."main"."stg_orders__dbt_tmp" rename to "stg_orders"
[0m20:41:47.074886 [debug] [Thread-1 (]: SQL status: OK in 0.000 seconds
[0m20:41:47.076899 [debug] [Thread-1 (]: On model.dbt_project_1.stg_orders: COMMIT
[0m20:41:47.076899 [debug] [Thread-1 (]: Using duckdb connection "model.dbt_project_1.stg_orders"
[0m20:41:47.076899 [debug] [Thread-1 (]: On model.dbt_project_1.stg_orders: COMMIT
[0m20:41:47.088552 [debug] [Thread-1 (]: SQL status: OK in 0.011 seconds
[0m20:41:47.088552 [debug] [Thread-1 (]: Using duckdb connection "model.dbt_project_1.stg_orders"
[0m20:41:47.088552 [debug] [Thread-1 (]: On model.dbt_project_1.stg_orders: /* {"app": "dbt", "dbt_version": "1.12.3", "profile_name": "dbt_project_1", "target_name": "dev_duckdb", "node_id": "model.dbt_project_1.stg_orders"} */

      drop view if exists "dev"."main"."stg_orders__dbt_backup" cascade
    
[0m20:41:47.094252 [debug] [Thread-1 (]: SQL status: OK in 0.002 seconds
[0m20:41:47.094252 [debug] [Thread-1 (]: On model.dbt_project_1.stg_orders: Close
[0m20:41:47.094252 [debug] [Thread-1 (]: Sending event: {'category': 'dbt', 'action': 'run_model', 'label': 'c66519e4-26b9-483d-b55d-60e46094d748', 'context': [<snowplow_tracker.self_describing_json.SelfDescribingJson object at 0x0000027A060CE330>]}
[0m20:41:47.094252 [info ] [Thread-1 (]: 3 of 7 OK created sql view model main.stg_orders ............................... [[32mOK[0m in 0.05s]
[0m20:41:47.094252 [debug] [Thread-1 (]: Finished running node model.dbt_project_1.stg_orders
[0m20:41:47.094252 [debug] [Thread-1 (]: Began running node model.dbt_project_1.stg_payments
[0m20:41:47.094252 [info ] [Thread-1 (]: 4 of 7 START sql view model main.stg_payments .................................. [RUN]
[0m20:41:47.099127 [debug] [Thread-1 (]: Re-using an available connection from the pool (formerly model.dbt_project_1.stg_orders, now model.dbt_project_1.stg_payments)
[0m20:41:47.100103 [debug] [Thread-1 (]: Began compiling node model.dbt_project_1.stg_payments
[0m20:41:47.100103 [debug] [Thread-1 (]: Writing injected SQL for node "model.dbt_project_1.stg_payments"
[0m20:41:47.100103 [debug] [Thread-1 (]: Began executing node model.dbt_project_1.stg_payments
[0m20:41:47.105458 [debug] [Thread-1 (]: Writing runtime sql for node "model.dbt_project_1.stg_payments"
[0m20:41:47.107215 [debug] [Thread-1 (]: Using duckdb connection "model.dbt_project_1.stg_payments"
[0m20:41:47.109222 [debug] [Thread-1 (]: On model.dbt_project_1.stg_payments: BEGIN
[0m20:41:47.109222 [debug] [Thread-1 (]: Opening a new connection, currently in state closed
[0m20:41:47.109222 [debug] [Thread-1 (]: SQL status: OK in 0.001 seconds
[0m20:41:47.111229 [debug] [Thread-1 (]: Using duckdb connection "model.dbt_project_1.stg_payments"
[0m20:41:47.111636 [debug] [Thread-1 (]: On model.dbt_project_1.stg_payments: /* {"app": "dbt", "dbt_version": "1.12.3", "profile_name": "dbt_project_1", "target_name": "dev_duckdb", "node_id": "model.dbt_project_1.stg_payments"} */

  
  create view "dev"."main"."stg_payments__dbt_tmp" as (
    with source as (
    select * from "dev"."main"."raw_payments"
),

renamed as (
    select
        order_id,
        payment_sequential,
        payment_type,
        cast(payment_installments as integer) as payment_installments,
        cast(payment_value as double) as payment_amount
    from source
)

select * from renamed
  );

[0m20:41:47.113272 [debug] [Thread-1 (]: SQL status: OK in 0.001 seconds
[0m20:41:47.115666 [debug] [Thread-1 (]: Using duckdb connection "model.dbt_project_1.stg_payments"
[0m20:41:47.116827 [debug] [Thread-1 (]: On model.dbt_project_1.stg_payments: /* {"app": "dbt", "dbt_version": "1.12.3", "profile_name": "dbt_project_1", "target_name": "dev_duckdb", "node_id": "model.dbt_project_1.stg_payments"} */
alter view "dev"."main"."stg_payments" rename to "stg_payments__dbt_backup"
[0m20:41:47.116827 [debug] [Thread-1 (]: SQL status: OK in 0.000 seconds
[0m20:41:47.116827 [debug] [Thread-1 (]: Using duckdb connection "model.dbt_project_1.stg_payments"
[0m20:41:47.116827 [debug] [Thread-1 (]: On model.dbt_project_1.stg_payments: /* {"app": "dbt", "dbt_version": "1.12.3", "profile_name": "dbt_project_1", "target_name": "dev_duckdb", "node_id": "model.dbt_project_1.stg_payments"} */
alter view "dev"."main"."stg_payments__dbt_tmp" rename to "stg_payments"
[0m20:41:47.116827 [debug] [Thread-1 (]: SQL status: OK in 0.000 seconds
[0m20:41:47.116827 [debug] [Thread-1 (]: On model.dbt_project_1.stg_payments: COMMIT
[0m20:41:47.116827 [debug] [Thread-1 (]: Using duckdb connection "model.dbt_project_1.stg_payments"
[0m20:41:47.116827 [debug] [Thread-1 (]: On model.dbt_project_1.stg_payments: COMMIT
[0m20:41:47.125965 [debug] [Thread-1 (]: SQL status: OK in 0.003 seconds
[0m20:41:47.125965 [debug] [Thread-1 (]: Using duckdb connection "model.dbt_project_1.stg_payments"
[0m20:41:47.127979 [debug] [Thread-1 (]: On model.dbt_project_1.stg_payments: /* {"app": "dbt", "dbt_version": "1.12.3", "profile_name": "dbt_project_1", "target_name": "dev_duckdb", "node_id": "model.dbt_project_1.stg_payments"} */

      drop view if exists "dev"."main"."stg_payments__dbt_backup" cascade
    
[0m20:41:47.129993 [debug] [Thread-1 (]: SQL status: OK in 0.002 seconds
[0m20:41:47.131007 [debug] [Thread-1 (]: On model.dbt_project_1.stg_payments: Close
[0m20:41:47.131007 [debug] [Thread-1 (]: Sending event: {'category': 'dbt', 'action': 'run_model', 'label': 'c66519e4-26b9-483d-b55d-60e46094d748', 'context': [<snowplow_tracker.self_describing_json.SelfDescribingJson object at 0x0000027A060CE330>]}
[0m20:41:47.133019 [info ] [Thread-1 (]: 4 of 7 OK created sql view model main.stg_payments ............................. [[32mOK[0m in 0.04s]
[0m20:41:47.133963 [debug] [Thread-1 (]: Finished running node model.dbt_project_1.stg_payments
[0m20:41:47.133963 [debug] [Thread-1 (]: Began running node model.dbt_project_1.my_second_dbt_model
[0m20:41:47.133963 [info ] [Thread-1 (]: 5 of 7 START sql view model main.my_second_dbt_model ........................... [RUN]
[0m20:41:47.133963 [debug] [Thread-1 (]: Re-using an available connection from the pool (formerly model.dbt_project_1.stg_payments, now model.dbt_project_1.my_second_dbt_model)
[0m20:41:47.133963 [debug] [Thread-1 (]: Began compiling node model.dbt_project_1.my_second_dbt_model
[0m20:41:47.133963 [debug] [Thread-1 (]: Writing injected SQL for node "model.dbt_project_1.my_second_dbt_model"
[0m20:41:47.141012 [debug] [Thread-1 (]: Began executing node model.dbt_project_1.my_second_dbt_model
[0m20:41:47.143331 [debug] [Thread-1 (]: Writing runtime sql for node "model.dbt_project_1.my_second_dbt_model"
[0m20:41:47.147559 [debug] [Thread-1 (]: Using duckdb connection "model.dbt_project_1.my_second_dbt_model"
[0m20:41:47.148969 [debug] [Thread-1 (]: On model.dbt_project_1.my_second_dbt_model: BEGIN
[0m20:41:47.148969 [debug] [Thread-1 (]: Opening a new connection, currently in state closed
[0m20:41:47.150004 [debug] [Thread-1 (]: SQL status: OK in 0.001 seconds
[0m20:41:47.150004 [debug] [Thread-1 (]: Using duckdb connection "model.dbt_project_1.my_second_dbt_model"
[0m20:41:47.150004 [debug] [Thread-1 (]: On model.dbt_project_1.my_second_dbt_model: /* {"app": "dbt", "dbt_version": "1.12.3", "profile_name": "dbt_project_1", "target_name": "dev_duckdb", "node_id": "model.dbt_project_1.my_second_dbt_model"} */

  
  create view "dev"."main"."my_second_dbt_model__dbt_tmp" as (
    -- Use the `ref` function to select from other models

select *
from "dev"."main"."my_first_dbt_model"
where id = 1
  );

[0m20:41:47.150004 [debug] [Thread-1 (]: SQL status: OK in 0.000 seconds
[0m20:41:47.150004 [debug] [Thread-1 (]: Using duckdb connection "model.dbt_project_1.my_second_dbt_model"
[0m20:41:47.150004 [debug] [Thread-1 (]: On model.dbt_project_1.my_second_dbt_model: /* {"app": "dbt", "dbt_version": "1.12.3", "profile_name": "dbt_project_1", "target_name": "dev_duckdb", "node_id": "model.dbt_project_1.my_second_dbt_model"} */
alter view "dev"."main"."my_second_dbt_model__dbt_tmp" rename to "my_second_dbt_model"
[0m20:41:47.150004 [debug] [Thread-1 (]: SQL status: OK in 0.000 seconds
[0m20:41:47.150004 [debug] [Thread-1 (]: On model.dbt_project_1.my_second_dbt_model: COMMIT
[0m20:41:47.150004 [debug] [Thread-1 (]: Using duckdb connection "model.dbt_project_1.my_second_dbt_model"
[0m20:41:47.150004 [debug] [Thread-1 (]: On model.dbt_project_1.my_second_dbt_model: COMMIT
[0m20:41:47.150004 [debug] [Thread-1 (]: SQL status: OK in 0.004 seconds
[0m20:41:47.150004 [debug] [Thread-1 (]: Using duckdb connection "model.dbt_project_1.my_second_dbt_model"
[0m20:41:47.163248 [debug] [Thread-1 (]: On model.dbt_project_1.my_second_dbt_model: /* {"app": "dbt", "dbt_version": "1.12.3", "profile_name": "dbt_project_1", "target_name": "dev_duckdb", "node_id": "model.dbt_project_1.my_second_dbt_model"} */

      drop view if exists "dev"."main"."my_second_dbt_model__dbt_backup" cascade
    
[0m20:41:47.163820 [debug] [Thread-1 (]: SQL status: OK in 0.000 seconds
[0m20:41:47.165708 [debug] [Thread-1 (]: On model.dbt_project_1.my_second_dbt_model: Close
[0m20:41:47.166322 [debug] [Thread-1 (]: Sending event: {'category': 'dbt', 'action': 'run_model', 'label': 'c66519e4-26b9-483d-b55d-60e46094d748', 'context': [<snowplow_tracker.self_describing_json.SelfDescribingJson object at 0x0000027A06159F70>]}
[0m20:41:47.166322 [info ] [Thread-1 (]: 5 of 7 OK created sql view model main.my_second_dbt_model ...................... [[32mOK[0m in 0.03s]
[0m20:41:47.166322 [debug] [Thread-1 (]: Finished running node model.dbt_project_1.my_second_dbt_model
[0m20:41:47.168335 [debug] [Thread-1 (]: Began running node model.dbt_project_1.int_payments_pivoted
[0m20:41:47.168335 [info ] [Thread-1 (]: 6 of 7 START sql view model main.int_payments_pivoted .......................... [RUN]
[0m20:41:47.168335 [debug] [Thread-1 (]: Re-using an available connection from the pool (formerly model.dbt_project_1.my_second_dbt_model, now model.dbt_project_1.int_payments_pivoted)
[0m20:41:47.168335 [debug] [Thread-1 (]: Began compiling node model.dbt_project_1.int_payments_pivoted
[0m20:41:47.171363 [debug] [Thread-1 (]: Writing injected SQL for node "model.dbt_project_1.int_payments_pivoted"
[0m20:41:47.175432 [debug] [Thread-1 (]: Began executing node model.dbt_project_1.int_payments_pivoted
[0m20:41:47.177647 [debug] [Thread-1 (]: Writing runtime sql for node "model.dbt_project_1.int_payments_pivoted"
[0m20:41:47.181166 [debug] [Thread-1 (]: Using duckdb connection "model.dbt_project_1.int_payments_pivoted"
[0m20:41:47.181166 [debug] [Thread-1 (]: On model.dbt_project_1.int_payments_pivoted: BEGIN
[0m20:41:47.181166 [debug] [Thread-1 (]: Opening a new connection, currently in state closed
[0m20:41:47.181166 [debug] [Thread-1 (]: SQL status: OK in 0.001 seconds
[0m20:41:47.183931 [debug] [Thread-1 (]: Using duckdb connection "model.dbt_project_1.int_payments_pivoted"
[0m20:41:47.183931 [debug] [Thread-1 (]: On model.dbt_project_1.int_payments_pivoted: /* {"app": "dbt", "dbt_version": "1.12.3", "profile_name": "dbt_project_1", "target_name": "dev_duckdb", "node_id": "model.dbt_project_1.int_payments_pivoted"} */

  
  create view "dev"."main"."int_payments_pivoted__dbt_tmp" as (
    with payments as (
    select * from "dev"."main"."stg_payments"
),

pivoted as (
    select
        order_id,
        
    
        sum(case when payment_type = 'credit_card' then payment_amount else 0 end) as credit_card_amount,
        sum(case when payment_type = 'boleto' then payment_amount else 0 end) as boleto_amount,
        sum(case when payment_type = 'voucher' then payment_amount else 0 end) as voucher_amount,
        sum(case when payment_type = 'debit_card' then payment_amount else 0 end) as debit_card_amount
,
        sum(payment_amount) as total_payment_amount
    from payments
    group by 1
)

select * from pivoted
  );

[0m20:41:47.185219 [debug] [Thread-1 (]: SQL status: OK in 0.001 seconds
[0m20:41:47.187763 [debug] [Thread-1 (]: Using duckdb connection "model.dbt_project_1.int_payments_pivoted"
[0m20:41:47.187763 [debug] [Thread-1 (]: On model.dbt_project_1.int_payments_pivoted: /* {"app": "dbt", "dbt_version": "1.12.3", "profile_name": "dbt_project_1", "target_name": "dev_duckdb", "node_id": "model.dbt_project_1.int_payments_pivoted"} */
alter view "dev"."main"."int_payments_pivoted__dbt_tmp" rename to "int_payments_pivoted"
[0m20:41:47.187763 [debug] [Thread-1 (]: SQL status: OK in 0.000 seconds
[0m20:41:47.190357 [debug] [Thread-1 (]: On model.dbt_project_1.int_payments_pivoted: COMMIT
[0m20:41:47.190357 [debug] [Thread-1 (]: Using duckdb connection "model.dbt_project_1.int_payments_pivoted"
[0m20:41:47.190357 [debug] [Thread-1 (]: On model.dbt_project_1.int_payments_pivoted: COMMIT
[0m20:41:47.192369 [debug] [Thread-1 (]: SQL status: OK in 0.002 seconds
[0m20:41:47.192369 [debug] [Thread-1 (]: Using duckdb connection "model.dbt_project_1.int_payments_pivoted"
[0m20:41:47.192369 [debug] [Thread-1 (]: On model.dbt_project_1.int_payments_pivoted: /* {"app": "dbt", "dbt_version": "1.12.3", "profile_name": "dbt_project_1", "target_name": "dev_duckdb", "node_id": "model.dbt_project_1.int_payments_pivoted"} */

      drop view if exists "dev"."main"."int_payments_pivoted__dbt_backup" cascade
    
[0m20:41:47.192369 [debug] [Thread-1 (]: SQL status: OK in 0.000 seconds
[0m20:41:47.192369 [debug] [Thread-1 (]: On model.dbt_project_1.int_payments_pivoted: Close
[0m20:41:47.192369 [debug] [Thread-1 (]: Sending event: {'category': 'dbt', 'action': 'run_model', 'label': 'c66519e4-26b9-483d-b55d-60e46094d748', 'context': [<snowplow_tracker.self_describing_json.SelfDescribingJson object at 0x0000027A03FE27B0>]}
[0m20:41:47.192369 [info ] [Thread-1 (]: 6 of 7 OK created sql view model main.int_payments_pivoted ..................... [[32mOK[0m in 0.02s]
[0m20:41:47.192369 [debug] [Thread-1 (]: Finished running node model.dbt_project_1.int_payments_pivoted
[0m20:41:47.200586 [debug] [Thread-1 (]: Began running node model.dbt_project_1.fct_orders
[0m20:41:47.200586 [info ] [Thread-1 (]: 7 of 7 START sql view model main.fct_orders .................................... [RUN]
[0m20:41:47.200586 [debug] [Thread-1 (]: Re-using an available connection from the pool (formerly model.dbt_project_1.int_payments_pivoted, now model.dbt_project_1.fct_orders)
[0m20:41:47.200586 [debug] [Thread-1 (]: Began compiling node model.dbt_project_1.fct_orders
[0m20:41:47.200586 [debug] [Thread-1 (]: Writing injected SQL for node "model.dbt_project_1.fct_orders"
[0m20:41:47.200586 [debug] [Thread-1 (]: Began executing node model.dbt_project_1.fct_orders
[0m20:41:47.200586 [debug] [Thread-1 (]: Writing runtime sql for node "model.dbt_project_1.fct_orders"
[0m20:41:47.200586 [debug] [Thread-1 (]: Using duckdb connection "model.dbt_project_1.fct_orders"
[0m20:41:47.200586 [debug] [Thread-1 (]: On model.dbt_project_1.fct_orders: BEGIN
[0m20:41:47.200586 [debug] [Thread-1 (]: Opening a new connection, currently in state closed
[0m20:41:47.200586 [debug] [Thread-1 (]: SQL status: OK in 0.001 seconds
[0m20:41:47.200586 [debug] [Thread-1 (]: Using duckdb connection "model.dbt_project_1.fct_orders"
[0m20:41:47.200586 [debug] [Thread-1 (]: On model.dbt_project_1.fct_orders: /* {"app": "dbt", "dbt_version": "1.12.3", "profile_name": "dbt_project_1", "target_name": "dev_duckdb", "node_id": "model.dbt_project_1.fct_orders"} */

  
  create view "dev"."main"."fct_orders__dbt_tmp" as (
    with orders as (
    select * from "dev"."main"."stg_orders"
),

customers as (
    select * from "dev"."main"."stg_customers"
),

payments as (
    select * from "dev"."main"."int_payments_pivoted"
),

final as (
    select
        -- Keys
        o.order_id,
        o.customer_id,
        c.customer_unique_id,

        -- Customer Attributes
        c.city as customer_city,
        c.state as customer_state,

        -- Order Lifecycle Attributes
        o.order_status,
        o.purchased_at,
        o.approved_at,
        o.shipped_at,
        o.delivered_at,
        o.estimated_delivery_at,

        -- Calculated Delivery Metrics (in days)
        date_diff('day', o.purchased_at, o.delivered_at) as actual_delivery_days,
        date_diff('day', o.delivered_at, o.estimated_delivery_at) as delivery_delay_vs_estimated_days,

        -- Payment Breakdown (from Intermediate macro pivot)
        coalesce(p.credit_card_amount, 0) as credit_card_amount,
        coalesce(p.boleto_amount, 0) as boleto_amount,
        coalesce(p.voucher_amount, 0) as voucher_amount,
        coalesce(p.debit_card_amount, 0) as debit_card_amount,
        coalesce(p.total_payment_amount, 0) as total_payment_amount

    from orders o
    left join customers c on o.customer_id = c.customer_id
    left join payments p on o.order_id = p.order_id
)

select * from final
  );

[0m20:41:47.217686 [debug] [Thread-1 (]: SQL status: OK in 0.004 seconds
[0m20:41:47.219762 [debug] [Thread-1 (]: Using duckdb connection "model.dbt_project_1.fct_orders"
[0m20:41:47.222107 [debug] [Thread-1 (]: On model.dbt_project_1.fct_orders: /* {"app": "dbt", "dbt_version": "1.12.3", "profile_name": "dbt_project_1", "target_name": "dev_duckdb", "node_id": "model.dbt_project_1.fct_orders"} */
alter view "dev"."main"."fct_orders__dbt_tmp" rename to "fct_orders"
[0m20:41:47.222107 [debug] [Thread-1 (]: SQL status: OK in 0.000 seconds
[0m20:41:47.223845 [debug] [Thread-1 (]: On model.dbt_project_1.fct_orders: COMMIT
[0m20:41:47.223845 [debug] [Thread-1 (]: Using duckdb connection "model.dbt_project_1.fct_orders"
[0m20:41:47.223845 [debug] [Thread-1 (]: On model.dbt_project_1.fct_orders: COMMIT
[0m20:41:47.228006 [debug] [Thread-1 (]: SQL status: OK in 0.003 seconds
[0m20:41:47.228006 [debug] [Thread-1 (]: Using duckdb connection "model.dbt_project_1.fct_orders"
[0m20:41:47.230018 [debug] [Thread-1 (]: On model.dbt_project_1.fct_orders: /* {"app": "dbt", "dbt_version": "1.12.3", "profile_name": "dbt_project_1", "target_name": "dev_duckdb", "node_id": "model.dbt_project_1.fct_orders"} */

      drop view if exists "dev"."main"."fct_orders__dbt_backup" cascade
    
[0m20:41:47.230018 [debug] [Thread-1 (]: SQL status: OK in 0.000 seconds
[0m20:41:47.230018 [debug] [Thread-1 (]: On model.dbt_project_1.fct_orders: Close
[0m20:41:47.232031 [debug] [Thread-1 (]: Sending event: {'category': 'dbt', 'action': 'run_model', 'label': 'c66519e4-26b9-483d-b55d-60e46094d748', 'context': [<snowplow_tracker.self_describing_json.SelfDescribingJson object at 0x0000027A060883E0>]}
[0m20:41:47.232031 [info ] [Thread-1 (]: 7 of 7 OK created sql view model main.fct_orders ............................... [[32mOK[0m in 0.03s]
[0m20:41:47.233979 [debug] [Thread-1 (]: Finished running node model.dbt_project_1.fct_orders
[0m20:41:47.234518 [debug] [MainThread]: Using duckdb connection "master"
[0m20:41:47.234518 [debug] [MainThread]: On master: BEGIN
[0m20:41:47.234518 [debug] [MainThread]: Opening a new connection, currently in state closed
[0m20:41:47.236990 [debug] [MainThread]: SQL status: OK in 0.001 seconds
[0m20:41:47.236990 [debug] [MainThread]: On master: COMMIT
[0m20:41:47.236990 [debug] [MainThread]: Using duckdb connection "master"
[0m20:41:47.236990 [debug] [MainThread]: On master: COMMIT
[0m20:41:47.236990 [debug] [MainThread]: SQL status: OK in 0.000 seconds
[0m20:41:47.236990 [debug] [MainThread]: On master: Close
[0m20:41:47.238999 [debug] [MainThread]: Connection 'master' was properly closed.
[0m20:41:47.238999 [debug] [MainThread]: Connection 'create_dev_main' was properly closed.
[0m20:41:47.238999 [debug] [MainThread]: Connection 'list_dev_main' was properly closed.
[0m20:41:47.238999 [debug] [MainThread]: Connection 'model.dbt_project_1.fct_orders' was properly closed.
[0m20:41:47.238999 [info ] [MainThread]: 
[0m20:41:47.240506 [info ] [MainThread]: Finished running 1 table model, 6 view models in 0 hours 0 minutes and 0.77 seconds (0.77s).
[0m20:41:47.241837 [debug] [MainThread]: Command end result
[0m20:41:47.284248 [debug] [MainThread]: Wrote artifact WritableManifest to C:\Users\gurs\Documents\gs_dbt_project\dbt_project_1\target\manifest.json
[0m20:41:47.285114 [debug] [MainThread]: Wrote artifact SemanticManifest to C:\Users\gurs\Documents\gs_dbt_project\dbt_project_1\target\semantic_manifest.json
[0m20:41:47.292692 [debug] [MainThread]: Wrote artifact OsiDocument to C:\Users\gurs\Documents\gs_dbt_project\dbt_project_1\target\osi_document.json
[0m20:41:47.301495 [debug] [MainThread]: Wrote artifact RunExecutionResult to C:\Users\gurs\Documents\gs_dbt_project\dbt_project_1\target\run_results.json
[0m20:41:47.301495 [info ] [MainThread]: 
[0m20:41:47.306621 [info ] [MainThread]: [32mCompleted successfully[0m
[0m20:41:47.306621 [info ] [MainThread]: 
[0m20:41:47.306621 [info ] [MainThread]: Done. PASS=7 WARN=0 ERROR=0 SKIP=0 NO-OP=0 REUSED=0 TOTAL=7
[0m20:41:47.306621 [debug] [MainThread]: Command `dbt run` succeeded at 20:41:47.306621 after 3.39 seconds
[0m20:41:47.306621 [debug] [MainThread]: Sending event: {'category': 'dbt', 'action': 'invocation', 'label': 'end', 'context': [<snowplow_tracker.self_describing_json.SelfDescribingJson object at 0x0000027A01DB4290>, <snowplow_tracker.self_describing_json.SelfDescribingJson object at 0x0000027A0204CE60>, <snowplow_tracker.self_describing_json.SelfDescribingJson object at 0x0000027A0228E090>]}
[0m20:41:47.306621 [debug] [MainThread]: Flushing usage events
[0m20:41:48.632066 [debug] [MainThread]: An error was encountered while trying to flush usage events
[0m20:42:21.280622 [debug] [MainThread]: Sending event: {'category': 'dbt', 'action': 'invocation', 'label': 'start', 'context': [<snowplow_tracker.self_describing_json.SelfDescribingJson object at 0x000001D2552188F0>, <snowplow_tracker.self_describing_json.SelfDescribingJson object at 0x000001D252ADEC90>, <snowplow_tracker.self_describing_json.SelfDescribingJson object at 0x000001D25521AA50>]}


============================== 20:42:21.280622 | dbb70b5d-c305-4204-a80f-9054b4b78ac3 ==============================
[0m20:42:21.280622 [info ] [MainThread]: Running with dbt=1.12.3
[0m20:42:21.280622 [debug] [MainThread]: running dbt with arguments {'version_check': 'True', 'no_print': 'None', 'static_parser': 'True', 'warn_error_options': 'WarnErrorOptionsV2(error=[], warn=[], silence=[])', 'target_path': 'None', 'maximum_seed_size_mib': '1', 'printer_width': '80', 'write_json': 'True', 'empty': 'None', 'log_cache_events': 'False', 'introspect': 'True', 'cache_selected_only': 'False', 'fail_fast': 'False', 'debug': 'False', 'log_format': 'default', 'profiles_dir': 'C:\\Users\\gurs\\.dbt', 'send_anonymous_usage_stats': 'True', 'quiet': 'False', 'warn_error': 'None', 'partial_parse': 'True', 'invocation_command': 'dbt test', 'hints_enabled': 'True', 'use_colors': 'True', 'use_experimental_parser': 'False', 'indirect_selection': 'eager', 'log_path': 'C:\\Users\\gurs\\Documents\\gs_dbt_project\\dbt_project_1\\logs'}
[0m20:42:21.562902 [debug] [MainThread]: Sending event: {'category': 'dbt', 'action': 'project_id', 'label': 'dbb70b5d-c305-4204-a80f-9054b4b78ac3', 'context': [<snowplow_tracker.self_describing_json.SelfDescribingJson object at 0x000001D2554F04D0>]}
[0m20:42:21.647244 [debug] [MainThread]: Sending event: {'category': 'dbt', 'action': 'adapter_info', 'label': 'dbb70b5d-c305-4204-a80f-9054b4b78ac3', 'context': [<snowplow_tracker.self_describing_json.SelfDescribingJson object at 0x000001D2530B7800>]}
[0m20:42:21.653050 [info ] [MainThread]: Registered adapter: duckdb=1.11.0
[0m20:42:22.237472 [debug] [MainThread]: checksum: e540a061191ca25dcec8cdd954961cf24eb37726dcfe9ac0012df58d683b378a, vars: {}, profile: dbt_project_1, target: dev_duckdb, version: 1.12.3
[0m20:42:22.466218 [debug] [MainThread]: Partial parsing enabled: 0 files deleted, 0 files added, 0 files changed.
[0m20:42:22.466218 [debug] [MainThread]: Nothing changed, skipping partial parsing.
[0m20:42:22.466218 [debug] [MainThread]: Partial parsing enabled, no changes found, skipping parsing
[0m20:42:22.488656 [debug] [MainThread]: Sending event: {'category': 'dbt', 'action': 'load_project', 'label': 'dbb70b5d-c305-4204-a80f-9054b4b78ac3', 'context': [<snowplow_tracker.self_describing_json.SelfDescribingJson object at 0x000001D255A5A7E0>]}
[0m20:42:22.652390 [debug] [MainThread]: Wrote artifact WritableManifest to C:\Users\gurs\Documents\gs_dbt_project\dbt_project_1\target\manifest.json
[0m20:42:22.659737 [debug] [MainThread]: Wrote artifact SemanticManifest to C:\Users\gurs\Documents\gs_dbt_project\dbt_project_1\target\semantic_manifest.json
[0m20:42:22.694232 [debug] [MainThread]: Wrote artifact OsiDocument to C:\Users\gurs\Documents\gs_dbt_project\dbt_project_1\target\osi_document.json
[0m20:42:22.779799 [debug] [MainThread]: Sending event: {'category': 'dbt', 'action': 'resource_counts', 'label': 'dbb70b5d-c305-4204-a80f-9054b4b78ac3', 'context': [<snowplow_tracker.self_describing_json.SelfDescribingJson object at 0x000001D2511DE750>]}
[0m20:42:22.781889 [info ] [MainThread]: Found 7 models, 3 seeds, 15 data tests, 501 macros
[0m20:42:22.781889 [debug] [MainThread]: Sending event: {'category': 'dbt', 'action': 'runnable_timing', 'label': 'dbb70b5d-c305-4204-a80f-9054b4b78ac3', 'context': [<snowplow_tracker.self_describing_json.SelfDescribingJson object at 0x000001D255B5EDB0>]}
[0m20:42:22.781889 [info ] [MainThread]: 
[0m20:42:22.781889 [info ] [MainThread]: Concurrency: 1 threads (target='dev_duckdb')
[0m20:42:22.781889 [info ] [MainThread]: 
[0m20:42:22.789216 [debug] [MainThread]: Acquiring new duckdb connection 'master'
[0m20:42:22.797386 [debug] [ThreadPool]: Acquiring new duckdb connection 'list_dev_main'
[0m20:42:23.323140 [debug] [ThreadPool]: Using duckdb connection "list_dev_main"
[0m20:42:23.325150 [debug] [ThreadPool]: On list_dev_main: BEGIN
[0m20:42:23.325150 [debug] [ThreadPool]: Opening a new connection, currently in state init
[0m20:42:23.477240 [debug] [ThreadPool]: SQL status: OK in 0.152 seconds
[0m20:42:23.479255 [debug] [ThreadPool]: Using duckdb connection "list_dev_main"
[0m20:42:23.479255 [debug] [ThreadPool]: On list_dev_main: /* {"app": "dbt", "dbt_version": "1.12.3", "profile_name": "dbt_project_1", "target_name": "dev_duckdb", "connection_name": "list_dev_main"} */
select
      'dev' as database,
      table_name as name,
      table_schema as schema,
      CASE table_type
        WHEN 'BASE TABLE' THEN 'table'
        WHEN 'VIEW' THEN 'view'
        WHEN 'LOCAL TEMPORARY' THEN 'table'
        END as type
    from system.information_schema.tables
    where lower(table_schema) = 'main'
    and lower(table_catalog) = 'dev'
  
[0m20:42:23.487818 [debug] [ThreadPool]: SQL status: OK in 0.009 seconds
[0m20:42:23.510080 [debug] [ThreadPool]: On list_dev_main: ROLLBACK
[0m20:42:23.513221 [debug] [ThreadPool]: On list_dev_main: Close
[0m20:42:23.520351 [debug] [MainThread]: Sending event: {'category': 'dbt', 'action': 'runnable_timing', 'label': 'dbb70b5d-c305-4204-a80f-9054b4b78ac3', 'context': [<snowplow_tracker.self_describing_json.SelfDescribingJson object at 0x000001D2558E3BC0>]}
[0m20:42:23.522538 [debug] [MainThread]: Using duckdb connection "master"
[0m20:42:23.522538 [debug] [MainThread]: On master: BEGIN
[0m20:42:23.524546 [debug] [MainThread]: Opening a new connection, currently in state init
[0m20:42:23.526553 [debug] [MainThread]: SQL status: OK in 0.002 seconds
[0m20:42:23.526553 [debug] [MainThread]: On master: COMMIT
[0m20:42:23.528560 [debug] [MainThread]: Using duckdb connection "master"
[0m20:42:23.528560 [debug] [MainThread]: On master: COMMIT
[0m20:42:23.528560 [debug] [MainThread]: SQL status: OK in 0.000 seconds
[0m20:42:23.530577 [debug] [MainThread]: On master: Close
[0m20:42:23.546419 [debug] [Thread-1 (]: Began running node test.dbt_project_1.accepted_values_stg_orders_order_status__delivered__shipped__canceled__invoiced__processing__approved__unavailable__created.cb59e451c5
[0m20:42:23.546419 [info ] [Thread-1 (]: 1 of 15 START test accepted_values_stg_orders_order_status__delivered__shipped__canceled__invoiced__processing__approved__unavailable__created  [RUN]
[0m20:42:23.550905 [debug] [Thread-1 (]: Acquiring new duckdb connection 'test.dbt_project_1.accepted_values_stg_orders_order_status__delivered__shipped__canceled__invoiced__processing__approved__unavailable__created.cb59e451c5'
[0m20:42:23.552333 [debug] [Thread-1 (]: Began compiling node test.dbt_project_1.accepted_values_stg_orders_order_status__delivered__shipped__canceled__invoiced__processing__approved__unavailable__created.cb59e451c5
[0m20:42:23.705590 [debug] [Thread-1 (]: Writing injected SQL for node "test.dbt_project_1.accepted_values_stg_orders_order_status__delivered__shipped__canceled__invoiced__processing__approved__unavailable__created.cb59e451c5"
[0m20:42:23.711636 [debug] [Thread-1 (]: Began executing node test.dbt_project_1.accepted_values_stg_orders_order_status__delivered__shipped__canceled__invoiced__processing__approved__unavailable__created.cb59e451c5
[0m20:42:23.786164 [debug] [Thread-1 (]: Writing runtime sql for node "test.dbt_project_1.accepted_values_stg_orders_order_status__delivered__shipped__canceled__invoiced__processing__approved__unavailable__created.cb59e451c5"
[0m20:42:23.795312 [debug] [Thread-1 (]: Using duckdb connection "test.dbt_project_1.accepted_values_stg_orders_order_status__delivered__shipped__canceled__invoiced__processing__approved__unavailable__created.cb59e451c5"
[0m20:42:23.798971 [debug] [Thread-1 (]: On test.dbt_project_1.accepted_values_stg_orders_order_status__delivered__shipped__canceled__invoiced__processing__approved__unavailable__created.cb59e451c5: BEGIN
[0m20:42:23.800620 [debug] [Thread-1 (]: Opening a new connection, currently in state init
[0m20:42:23.803459 [debug] [Thread-1 (]: SQL status: OK in 0.003 seconds
[0m20:42:23.804883 [debug] [Thread-1 (]: Using duckdb connection "test.dbt_project_1.accepted_values_stg_orders_order_status__delivered__shipped__canceled__invoiced__processing__approved__unavailable__created.cb59e451c5"
[0m20:42:23.806570 [debug] [Thread-1 (]: On test.dbt_project_1.accepted_values_stg_orders_order_status__delivered__shipped__canceled__invoiced__processing__approved__unavailable__created.cb59e451c5: /* {"app": "dbt", "dbt_version": "1.12.3", "profile_name": "dbt_project_1", "target_name": "dev_duckdb", "node_id": "test.dbt_project_1.accepted_values_stg_orders_order_status__delivered__shipped__canceled__invoiced__processing__approved__unavailable__created.cb59e451c5"} */

    
    select
      count(*) as failures,
      count(*) != 0 as should_warn,
      count(*) != 0 as should_error
    from (
      
    
  
    
    

with all_values as (

    select
        order_status as value_field,
        count(*) as n_records

    from "dev"."main"."stg_orders"
    group by order_status

)

select *
from all_values
where value_field not in (
    'delivered','shipped','canceled','invoiced','processing','approved','unavailable','created'
)



  
  
      
    ) dbt_internal_test
[0m20:42:23.819294 [debug] [Thread-1 (]: SQL status: OK in 0.016 seconds
[0m20:42:23.833600 [debug] [Thread-1 (]: On test.dbt_project_1.accepted_values_stg_orders_order_status__delivered__shipped__canceled__invoiced__processing__approved__unavailable__created.cb59e451c5: ROLLBACK
[0m20:42:23.835533 [debug] [Thread-1 (]: On test.dbt_project_1.accepted_values_stg_orders_order_status__delivered__shipped__canceled__invoiced__processing__approved__unavailable__created.cb59e451c5: Close
[0m20:42:23.837058 [info ] [Thread-1 (]: 1 of 15 PASS accepted_values_stg_orders_order_status__delivered__shipped__canceled__invoiced__processing__approved__unavailable__created  [[32mPASS[0m in 0.29s]
[0m20:42:23.837058 [debug] [Thread-1 (]: Finished running node test.dbt_project_1.accepted_values_stg_orders_order_status__delivered__shipped__canceled__invoiced__processing__approved__unavailable__created.cb59e451c5
[0m20:42:23.837058 [debug] [Thread-1 (]: Began running node test.dbt_project_1.not_null_fct_orders_customer_id.16fe324f7b
[0m20:42:23.837058 [info ] [Thread-1 (]: 2 of 15 START test not_null_fct_orders_customer_id ............................. [RUN]
[0m20:42:23.837058 [debug] [Thread-1 (]: Re-using an available connection from the pool (formerly test.dbt_project_1.accepted_values_stg_orders_order_status__delivered__shipped__canceled__invoiced__processing__approved__unavailable__created.cb59e451c5, now test.dbt_project_1.not_null_fct_orders_customer_id.16fe324f7b)
[0m20:42:23.845546 [debug] [Thread-1 (]: Began compiling node test.dbt_project_1.not_null_fct_orders_customer_id.16fe324f7b
[0m20:42:23.867805 [debug] [Thread-1 (]: Writing injected SQL for node "test.dbt_project_1.not_null_fct_orders_customer_id.16fe324f7b"
[0m20:42:23.878127 [debug] [Thread-1 (]: Began executing node test.dbt_project_1.not_null_fct_orders_customer_id.16fe324f7b
[0m20:42:23.884781 [debug] [Thread-1 (]: Writing runtime sql for node "test.dbt_project_1.not_null_fct_orders_customer_id.16fe324f7b"
[0m20:42:23.955305 [debug] [Thread-1 (]: Using duckdb connection "test.dbt_project_1.not_null_fct_orders_customer_id.16fe324f7b"
[0m20:42:23.955305 [debug] [Thread-1 (]: On test.dbt_project_1.not_null_fct_orders_customer_id.16fe324f7b: BEGIN
[0m20:42:23.955305 [debug] [Thread-1 (]: Opening a new connection, currently in state closed
[0m20:42:23.955305 [debug] [Thread-1 (]: SQL status: OK in 0.003 seconds
[0m20:42:23.963034 [debug] [Thread-1 (]: Using duckdb connection "test.dbt_project_1.not_null_fct_orders_customer_id.16fe324f7b"
[0m20:42:23.963034 [debug] [Thread-1 (]: On test.dbt_project_1.not_null_fct_orders_customer_id.16fe324f7b: /* {"app": "dbt", "dbt_version": "1.12.3", "profile_name": "dbt_project_1", "target_name": "dev_duckdb", "node_id": "test.dbt_project_1.not_null_fct_orders_customer_id.16fe324f7b"} */

    
    select
      count(*) as failures,
      count(*) != 0 as should_warn,
      count(*) != 0 as should_error
    from (
      
    
  
    
    



select customer_id
from "dev"."main"."fct_orders"
where customer_id is null



  
  
      
    ) dbt_internal_test
[0m20:42:24.036442 [debug] [Thread-1 (]: SQL status: OK in 0.072 seconds
[0m20:42:24.043105 [debug] [Thread-1 (]: On test.dbt_project_1.not_null_fct_orders_customer_id.16fe324f7b: ROLLBACK
[0m20:42:24.047136 [debug] [Thread-1 (]: On test.dbt_project_1.not_null_fct_orders_customer_id.16fe324f7b: Close
[0m20:42:24.049956 [info ] [Thread-1 (]: 2 of 15 PASS not_null_fct_orders_customer_id ................................... [[32mPASS[0m in 0.21s]
[0m20:42:24.050622 [debug] [Thread-1 (]: Finished running node test.dbt_project_1.not_null_fct_orders_customer_id.16fe324f7b
[0m20:42:24.052633 [debug] [Thread-1 (]: Began running node test.dbt_project_1.not_null_fct_orders_order_id.4e687af8d0
[0m20:42:24.052633 [info ] [Thread-1 (]: 3 of 15 START test not_null_fct_orders_order_id ................................ [RUN]
[0m20:42:24.052633 [debug] [Thread-1 (]: Re-using an available connection from the pool (formerly test.dbt_project_1.not_null_fct_orders_customer_id.16fe324f7b, now test.dbt_project_1.not_null_fct_orders_order_id.4e687af8d0)
[0m20:42:24.057024 [debug] [Thread-1 (]: Began compiling node test.dbt_project_1.not_null_fct_orders_order_id.4e687af8d0
[0m20:42:24.086364 [debug] [Thread-1 (]: Writing injected SQL for node "test.dbt_project_1.not_null_fct_orders_order_id.4e687af8d0"
[0m20:42:24.093823 [debug] [Thread-1 (]: Began executing node test.dbt_project_1.not_null_fct_orders_order_id.4e687af8d0
[0m20:42:24.099869 [debug] [Thread-1 (]: Writing runtime sql for node "test.dbt_project_1.not_null_fct_orders_order_id.4e687af8d0"
[0m20:42:24.106078 [debug] [Thread-1 (]: Using duckdb connection "test.dbt_project_1.not_null_fct_orders_order_id.4e687af8d0"
[0m20:42:24.108094 [debug] [Thread-1 (]: On test.dbt_project_1.not_null_fct_orders_order_id.4e687af8d0: BEGIN
[0m20:42:24.108094 [debug] [Thread-1 (]: Opening a new connection, currently in state closed
[0m20:42:24.111695 [debug] [Thread-1 (]: SQL status: OK in 0.002 seconds
[0m20:42:24.113709 [debug] [Thread-1 (]: Using duckdb connection "test.dbt_project_1.not_null_fct_orders_order_id.4e687af8d0"
[0m20:42:24.115723 [debug] [Thread-1 (]: On test.dbt_project_1.not_null_fct_orders_order_id.4e687af8d0: /* {"app": "dbt", "dbt_version": "1.12.3", "profile_name": "dbt_project_1", "target_name": "dev_duckdb", "node_id": "test.dbt_project_1.not_null_fct_orders_order_id.4e687af8d0"} */

    
    select
      count(*) as failures,
      count(*) != 0 as should_warn,
      count(*) != 0 as should_error
    from (
      
    
  
    
    



select order_id
from "dev"."main"."fct_orders"
where order_id is null



  
  
      
    ) dbt_internal_test
[0m20:42:24.183983 [debug] [Thread-1 (]: SQL status: OK in 0.068 seconds
[0m20:42:24.189352 [debug] [Thread-1 (]: On test.dbt_project_1.not_null_fct_orders_order_id.4e687af8d0: ROLLBACK
[0m20:42:24.191363 [debug] [Thread-1 (]: On test.dbt_project_1.not_null_fct_orders_order_id.4e687af8d0: Close
[0m20:42:24.195389 [info ] [Thread-1 (]: 3 of 15 PASS not_null_fct_orders_order_id ...................................... [[32mPASS[0m in 0.14s]
[0m20:42:24.197402 [debug] [Thread-1 (]: Finished running node test.dbt_project_1.not_null_fct_orders_order_id.4e687af8d0
[0m20:42:24.199419 [debug] [Thread-1 (]: Began running node test.dbt_project_1.not_null_my_first_dbt_model_id.5fb22c2710
[0m20:42:24.200087 [info ] [Thread-1 (]: 4 of 15 START test not_null_my_first_dbt_model_id .............................. [RUN]
[0m20:42:24.200087 [debug] [Thread-1 (]: Re-using an available connection from the pool (formerly test.dbt_project_1.not_null_fct_orders_order_id.4e687af8d0, now test.dbt_project_1.not_null_my_first_dbt_model_id.5fb22c2710)
[0m20:42:24.204532 [debug] [Thread-1 (]: Began compiling node test.dbt_project_1.not_null_my_first_dbt_model_id.5fb22c2710
[0m20:42:24.228762 [debug] [Thread-1 (]: Writing injected SQL for node "test.dbt_project_1.not_null_my_first_dbt_model_id.5fb22c2710"
[0m20:42:24.233210 [debug] [Thread-1 (]: Began executing node test.dbt_project_1.not_null_my_first_dbt_model_id.5fb22c2710
[0m20:42:24.237030 [debug] [Thread-1 (]: Writing runtime sql for node "test.dbt_project_1.not_null_my_first_dbt_model_id.5fb22c2710"
[0m20:42:24.245453 [debug] [Thread-1 (]: Using duckdb connection "test.dbt_project_1.not_null_my_first_dbt_model_id.5fb22c2710"
[0m20:42:24.249795 [debug] [Thread-1 (]: On test.dbt_project_1.not_null_my_first_dbt_model_id.5fb22c2710: BEGIN
[0m20:42:24.249795 [debug] [Thread-1 (]: Opening a new connection, currently in state closed
[0m20:42:24.252023 [debug] [Thread-1 (]: SQL status: OK in 0.002 seconds
[0m20:42:24.253780 [debug] [Thread-1 (]: Using duckdb connection "test.dbt_project_1.not_null_my_first_dbt_model_id.5fb22c2710"
[0m20:42:24.255797 [debug] [Thread-1 (]: On test.dbt_project_1.not_null_my_first_dbt_model_id.5fb22c2710: /* {"app": "dbt", "dbt_version": "1.12.3", "profile_name": "dbt_project_1", "target_name": "dev_duckdb", "node_id": "test.dbt_project_1.not_null_my_first_dbt_model_id.5fb22c2710"} */

    
    select
      count(*) as failures,
      count(*) != 0 as should_warn,
      count(*) != 0 as should_error
    from (
      
    
  
    
    



select id
from "dev"."main"."my_first_dbt_model"
where id is null



  
  
      
    ) dbt_internal_test
[0m20:42:24.257313 [debug] [Thread-1 (]: SQL status: OK in 0.003 seconds
[0m20:42:24.261819 [debug] [Thread-1 (]: On test.dbt_project_1.not_null_my_first_dbt_model_id.5fb22c2710: ROLLBACK
[0m20:42:24.261819 [debug] [Thread-1 (]: On test.dbt_project_1.not_null_my_first_dbt_model_id.5fb22c2710: Close
[0m20:42:24.261819 [error] [Thread-1 (]: 4 of 15 FAIL 1 not_null_my_first_dbt_model_id .................................. [[31mFAIL 1[0m in 0.06s]
[0m20:42:24.261819 [debug] [Thread-1 (]: Finished running node test.dbt_project_1.not_null_my_first_dbt_model_id.5fb22c2710
[0m20:42:24.261819 [debug] [Thread-1 (]: Began running node test.dbt_project_1.not_null_my_second_dbt_model_id.151b76d778
[0m20:42:24.261819 [info ] [Thread-1 (]: 5 of 15 START test not_null_my_second_dbt_model_id ............................. [RUN]
[0m20:42:24.270537 [debug] [Thread-1 (]: Re-using an available connection from the pool (formerly test.dbt_project_1.not_null_my_first_dbt_model_id.5fb22c2710, now test.dbt_project_1.not_null_my_second_dbt_model_id.151b76d778)
[0m20:42:24.270537 [debug] [Thread-1 (]: Began compiling node test.dbt_project_1.not_null_my_second_dbt_model_id.151b76d778
[0m20:42:24.299814 [debug] [Thread-1 (]: Writing injected SQL for node "test.dbt_project_1.not_null_my_second_dbt_model_id.151b76d778"
[0m20:42:24.304252 [debug] [Thread-1 (]: Began executing node test.dbt_project_1.not_null_my_second_dbt_model_id.151b76d778
[0m20:42:24.304252 [debug] [Thread-1 (]: Writing runtime sql for node "test.dbt_project_1.not_null_my_second_dbt_model_id.151b76d778"
[0m20:42:24.318490 [debug] [Thread-1 (]: Using duckdb connection "test.dbt_project_1.not_null_my_second_dbt_model_id.151b76d778"
[0m20:42:24.318490 [debug] [Thread-1 (]: On test.dbt_project_1.not_null_my_second_dbt_model_id.151b76d778: BEGIN
[0m20:42:24.320509 [debug] [Thread-1 (]: Opening a new connection, currently in state closed
[0m20:42:24.323045 [debug] [Thread-1 (]: SQL status: OK in 0.002 seconds
[0m20:42:24.323045 [debug] [Thread-1 (]: Using duckdb connection "test.dbt_project_1.not_null_my_second_dbt_model_id.151b76d778"
[0m20:42:24.325057 [debug] [Thread-1 (]: On test.dbt_project_1.not_null_my_second_dbt_model_id.151b76d778: /* {"app": "dbt", "dbt_version": "1.12.3", "profile_name": "dbt_project_1", "target_name": "dev_duckdb", "node_id": "test.dbt_project_1.not_null_my_second_dbt_model_id.151b76d778"} */

    
    select
      count(*) as failures,
      count(*) != 0 as should_warn,
      count(*) != 0 as should_error
    from (
      
    
  
    
    



select id
from "dev"."main"."my_second_dbt_model"
where id is null



  
  
      
    ) dbt_internal_test
[0m20:42:24.329090 [debug] [Thread-1 (]: SQL status: OK in 0.003 seconds
[0m20:42:24.335632 [debug] [Thread-1 (]: On test.dbt_project_1.not_null_my_second_dbt_model_id.151b76d778: ROLLBACK
[0m20:42:24.337660 [debug] [Thread-1 (]: On test.dbt_project_1.not_null_my_second_dbt_model_id.151b76d778: Close
[0m20:42:24.341439 [info ] [Thread-1 (]: 5 of 15 PASS not_null_my_second_dbt_model_id ................................... [[32mPASS[0m in 0.07s]
[0m20:42:24.343452 [debug] [Thread-1 (]: Finished running node test.dbt_project_1.not_null_my_second_dbt_model_id.151b76d778
[0m20:42:24.345462 [debug] [Thread-1 (]: Began running node test.dbt_project_1.not_null_stg_customers_customer_id.e2cfb1f9aa
[0m20:42:24.348228 [info ] [Thread-1 (]: 6 of 15 START test not_null_stg_customers_customer_id .......................... [RUN]
[0m20:42:24.348738 [debug] [Thread-1 (]: Re-using an available connection from the pool (formerly test.dbt_project_1.not_null_my_second_dbt_model_id.151b76d778, now test.dbt_project_1.not_null_stg_customers_customer_id.e2cfb1f9aa)
[0m20:42:24.350836 [debug] [Thread-1 (]: Began compiling node test.dbt_project_1.not_null_stg_customers_customer_id.e2cfb1f9aa
[0m20:42:24.373057 [debug] [Thread-1 (]: Writing injected SQL for node "test.dbt_project_1.not_null_stg_customers_customer_id.e2cfb1f9aa"
[0m20:42:24.373057 [debug] [Thread-1 (]: Began executing node test.dbt_project_1.not_null_stg_customers_customer_id.e2cfb1f9aa
[0m20:42:24.386869 [debug] [Thread-1 (]: Writing runtime sql for node "test.dbt_project_1.not_null_stg_customers_customer_id.e2cfb1f9aa"
[0m20:42:24.393073 [debug] [Thread-1 (]: Using duckdb connection "test.dbt_project_1.not_null_stg_customers_customer_id.e2cfb1f9aa"
[0m20:42:24.393073 [debug] [Thread-1 (]: On test.dbt_project_1.not_null_stg_customers_customer_id.e2cfb1f9aa: BEGIN
[0m20:42:24.395856 [debug] [Thread-1 (]: Opening a new connection, currently in state closed
[0m20:42:24.397872 [debug] [Thread-1 (]: SQL status: OK in 0.002 seconds
[0m20:42:24.399797 [debug] [Thread-1 (]: Using duckdb connection "test.dbt_project_1.not_null_stg_customers_customer_id.e2cfb1f9aa"
[0m20:42:24.399797 [debug] [Thread-1 (]: On test.dbt_project_1.not_null_stg_customers_customer_id.e2cfb1f9aa: /* {"app": "dbt", "dbt_version": "1.12.3", "profile_name": "dbt_project_1", "target_name": "dev_duckdb", "node_id": "test.dbt_project_1.not_null_stg_customers_customer_id.e2cfb1f9aa"} */

    
    select
      count(*) as failures,
      count(*) != 0 as should_warn,
      count(*) != 0 as should_error
    from (
      
    
  
    
    



select customer_id
from "dev"."main"."stg_customers"
where customer_id is null



  
  
      
    ) dbt_internal_test
[0m20:42:24.401825 [debug] [Thread-1 (]: SQL status: OK in 0.002 seconds
[0m20:42:24.407341 [debug] [Thread-1 (]: On test.dbt_project_1.not_null_stg_customers_customer_id.e2cfb1f9aa: ROLLBACK
[0m20:42:24.407341 [debug] [Thread-1 (]: On test.dbt_project_1.not_null_stg_customers_customer_id.e2cfb1f9aa: Close
[0m20:42:24.407341 [info ] [Thread-1 (]: 6 of 15 PASS not_null_stg_customers_customer_id ................................ [[32mPASS[0m in 0.06s]
[0m20:42:24.407341 [debug] [Thread-1 (]: Finished running node test.dbt_project_1.not_null_stg_customers_customer_id.e2cfb1f9aa
[0m20:42:24.407341 [debug] [Thread-1 (]: Began running node test.dbt_project_1.not_null_stg_orders_customer_id.af79d5e4b5
[0m20:42:24.416199 [info ] [Thread-1 (]: 7 of 15 START test not_null_stg_orders_customer_id ............................. [RUN]
[0m20:42:24.416199 [debug] [Thread-1 (]: Re-using an available connection from the pool (formerly test.dbt_project_1.not_null_stg_customers_customer_id.e2cfb1f9aa, now test.dbt_project_1.not_null_stg_orders_customer_id.af79d5e4b5)
[0m20:42:24.416199 [debug] [Thread-1 (]: Began compiling node test.dbt_project_1.not_null_stg_orders_customer_id.af79d5e4b5
[0m20:42:24.436511 [debug] [Thread-1 (]: Writing injected SQL for node "test.dbt_project_1.not_null_stg_orders_customer_id.af79d5e4b5"
[0m20:42:24.441882 [debug] [Thread-1 (]: Began executing node test.dbt_project_1.not_null_stg_orders_customer_id.af79d5e4b5
[0m20:42:24.449743 [debug] [Thread-1 (]: Writing runtime sql for node "test.dbt_project_1.not_null_stg_orders_customer_id.af79d5e4b5"
[0m20:42:24.453359 [debug] [Thread-1 (]: Using duckdb connection "test.dbt_project_1.not_null_stg_orders_customer_id.af79d5e4b5"
[0m20:42:24.458431 [debug] [Thread-1 (]: On test.dbt_project_1.not_null_stg_orders_customer_id.af79d5e4b5: BEGIN
[0m20:42:24.458431 [debug] [Thread-1 (]: Opening a new connection, currently in state closed
[0m20:42:24.460453 [debug] [Thread-1 (]: SQL status: OK in 0.002 seconds
[0m20:42:24.462468 [debug] [Thread-1 (]: Using duckdb connection "test.dbt_project_1.not_null_stg_orders_customer_id.af79d5e4b5"
[0m20:42:24.464481 [debug] [Thread-1 (]: On test.dbt_project_1.not_null_stg_orders_customer_id.af79d5e4b5: /* {"app": "dbt", "dbt_version": "1.12.3", "profile_name": "dbt_project_1", "target_name": "dev_duckdb", "node_id": "test.dbt_project_1.not_null_stg_orders_customer_id.af79d5e4b5"} */

    
    select
      count(*) as failures,
      count(*) != 0 as should_warn,
      count(*) != 0 as should_error
    from (
      
    
  
    
    



select customer_id
from "dev"."main"."stg_orders"
where customer_id is null



  
  
      
    ) dbt_internal_test
[0m20:42:24.470388 [debug] [Thread-1 (]: SQL status: OK in 0.004 seconds
[0m20:42:24.470388 [debug] [Thread-1 (]: On test.dbt_project_1.not_null_stg_orders_customer_id.af79d5e4b5: ROLLBACK
[0m20:42:24.480140 [debug] [Thread-1 (]: On test.dbt_project_1.not_null_stg_orders_customer_id.af79d5e4b5: Close
[0m20:42:24.482162 [info ] [Thread-1 (]: 7 of 15 PASS not_null_stg_orders_customer_id ................................... [[32mPASS[0m in 0.06s]
[0m20:42:24.483001 [debug] [Thread-1 (]: Finished running node test.dbt_project_1.not_null_stg_orders_customer_id.af79d5e4b5
[0m20:42:24.486820 [debug] [Thread-1 (]: Began running node test.dbt_project_1.not_null_stg_orders_order_id.81cfe2fe64
[0m20:42:24.488837 [info ] [Thread-1 (]: 8 of 15 START test not_null_stg_orders_order_id ................................ [RUN]
[0m20:42:24.490852 [debug] [Thread-1 (]: Re-using an available connection from the pool (formerly test.dbt_project_1.not_null_stg_orders_customer_id.af79d5e4b5, now test.dbt_project_1.not_null_stg_orders_order_id.81cfe2fe64)
[0m20:42:24.492222 [debug] [Thread-1 (]: Began compiling node test.dbt_project_1.not_null_stg_orders_order_id.81cfe2fe64
[0m20:42:24.518841 [debug] [Thread-1 (]: Writing injected SQL for node "test.dbt_project_1.not_null_stg_orders_order_id.81cfe2fe64"
[0m20:42:24.524336 [debug] [Thread-1 (]: Began executing node test.dbt_project_1.not_null_stg_orders_order_id.81cfe2fe64
[0m20:42:24.524336 [debug] [Thread-1 (]: Writing runtime sql for node "test.dbt_project_1.not_null_stg_orders_order_id.81cfe2fe64"
[0m20:42:24.537292 [debug] [Thread-1 (]: Using duckdb connection "test.dbt_project_1.not_null_stg_orders_order_id.81cfe2fe64"
[0m20:42:24.537292 [debug] [Thread-1 (]: On test.dbt_project_1.not_null_stg_orders_order_id.81cfe2fe64: BEGIN
[0m20:42:24.540349 [debug] [Thread-1 (]: Opening a new connection, currently in state closed
[0m20:42:24.543128 [debug] [Thread-1 (]: SQL status: OK in 0.003 seconds
[0m20:42:24.543128 [debug] [Thread-1 (]: Using duckdb connection "test.dbt_project_1.not_null_stg_orders_order_id.81cfe2fe64"
[0m20:42:24.543128 [debug] [Thread-1 (]: On test.dbt_project_1.not_null_stg_orders_order_id.81cfe2fe64: /* {"app": "dbt", "dbt_version": "1.12.3", "profile_name": "dbt_project_1", "target_name": "dev_duckdb", "node_id": "test.dbt_project_1.not_null_stg_orders_order_id.81cfe2fe64"} */

    
    select
      count(*) as failures,
      count(*) != 0 as should_warn,
      count(*) != 0 as should_error
    from (
      
    
  
    
    



select order_id
from "dev"."main"."stg_orders"
where order_id is null



  
  
      
    ) dbt_internal_test
[0m20:42:24.548856 [debug] [Thread-1 (]: SQL status: OK in 0.004 seconds
[0m20:42:24.551770 [debug] [Thread-1 (]: On test.dbt_project_1.not_null_stg_orders_order_id.81cfe2fe64: ROLLBACK
[0m20:42:24.557193 [debug] [Thread-1 (]: On test.dbt_project_1.not_null_stg_orders_order_id.81cfe2fe64: Close
[0m20:42:24.557974 [info ] [Thread-1 (]: 8 of 15 PASS not_null_stg_orders_order_id ...................................... [[32mPASS[0m in 0.07s]
[0m20:42:24.557974 [debug] [Thread-1 (]: Finished running node test.dbt_project_1.not_null_stg_orders_order_id.81cfe2fe64
[0m20:42:24.557974 [debug] [Thread-1 (]: Began running node test.dbt_project_1.not_null_stg_payments_order_id.601cf57649
[0m20:42:24.565694 [info ] [Thread-1 (]: 9 of 15 START test not_null_stg_payments_order_id .............................. [RUN]
[0m20:42:24.565694 [debug] [Thread-1 (]: Re-using an available connection from the pool (formerly test.dbt_project_1.not_null_stg_orders_order_id.81cfe2fe64, now test.dbt_project_1.not_null_stg_payments_order_id.601cf57649)
[0m20:42:24.568814 [debug] [Thread-1 (]: Began compiling node test.dbt_project_1.not_null_stg_payments_order_id.601cf57649
[0m20:42:24.586922 [debug] [Thread-1 (]: Writing injected SQL for node "test.dbt_project_1.not_null_stg_payments_order_id.601cf57649"
[0m20:42:24.603324 [debug] [Thread-1 (]: Began executing node test.dbt_project_1.not_null_stg_payments_order_id.601cf57649
[0m20:42:24.607357 [debug] [Thread-1 (]: Writing runtime sql for node "test.dbt_project_1.not_null_stg_payments_order_id.601cf57649"
[0m20:42:24.617490 [debug] [Thread-1 (]: Using duckdb connection "test.dbt_project_1.not_null_stg_payments_order_id.601cf57649"
[0m20:42:24.619145 [debug] [Thread-1 (]: On test.dbt_project_1.not_null_stg_payments_order_id.601cf57649: BEGIN
[0m20:42:24.620283 [debug] [Thread-1 (]: Opening a new connection, currently in state closed
[0m20:42:24.622569 [debug] [Thread-1 (]: SQL status: OK in 0.002 seconds
[0m20:42:24.623695 [debug] [Thread-1 (]: Using duckdb connection "test.dbt_project_1.not_null_stg_payments_order_id.601cf57649"
[0m20:42:24.624826 [debug] [Thread-1 (]: On test.dbt_project_1.not_null_stg_payments_order_id.601cf57649: /* {"app": "dbt", "dbt_version": "1.12.3", "profile_name": "dbt_project_1", "target_name": "dev_duckdb", "node_id": "test.dbt_project_1.not_null_stg_payments_order_id.601cf57649"} */

    
    select
      count(*) as failures,
      count(*) != 0 as should_warn,
      count(*) != 0 as should_error
    from (
      
    
  
    
    



select order_id
from "dev"."main"."stg_payments"
where order_id is null



  
  
      
    ) dbt_internal_test
[0m20:42:24.627371 [debug] [Thread-1 (]: SQL status: OK in 0.003 seconds
[0m20:42:24.634496 [debug] [Thread-1 (]: On test.dbt_project_1.not_null_stg_payments_order_id.601cf57649: ROLLBACK
[0m20:42:24.637530 [debug] [Thread-1 (]: On test.dbt_project_1.not_null_stg_payments_order_id.601cf57649: Close
[0m20:42:24.638698 [info ] [Thread-1 (]: 9 of 15 PASS not_null_stg_payments_order_id .................................... [[32mPASS[0m in 0.07s]
[0m20:42:24.638698 [debug] [Thread-1 (]: Finished running node test.dbt_project_1.not_null_stg_payments_order_id.601cf57649
[0m20:42:24.642964 [debug] [Thread-1 (]: Began running node test.dbt_project_1.relationships_fct_orders_customer_id__customer_id__ref_stg_customers_.aaa6d401fd
[0m20:42:24.642964 [info ] [Thread-1 (]: 10 of 15 START test relationships_fct_orders_customer_id__customer_id__ref_stg_customers_  [RUN]
[0m20:42:24.642964 [debug] [Thread-1 (]: Re-using an available connection from the pool (formerly test.dbt_project_1.not_null_stg_payments_order_id.601cf57649, now test.dbt_project_1.relationships_fct_orders_customer_id__customer_id__ref_stg_customers_.aaa6d401fd)
[0m20:42:24.649682 [debug] [Thread-1 (]: Began compiling node test.dbt_project_1.relationships_fct_orders_customer_id__customer_id__ref_stg_customers_.aaa6d401fd
[0m20:42:24.711698 [debug] [Thread-1 (]: Writing injected SQL for node "test.dbt_project_1.relationships_fct_orders_customer_id__customer_id__ref_stg_customers_.aaa6d401fd"
[0m20:42:24.722164 [debug] [Thread-1 (]: Began executing node test.dbt_project_1.relationships_fct_orders_customer_id__customer_id__ref_stg_customers_.aaa6d401fd
[0m20:42:24.727698 [debug] [Thread-1 (]: Writing runtime sql for node "test.dbt_project_1.relationships_fct_orders_customer_id__customer_id__ref_stg_customers_.aaa6d401fd"
[0m20:42:24.735309 [debug] [Thread-1 (]: Using duckdb connection "test.dbt_project_1.relationships_fct_orders_customer_id__customer_id__ref_stg_customers_.aaa6d401fd"
[0m20:42:24.735849 [debug] [Thread-1 (]: On test.dbt_project_1.relationships_fct_orders_customer_id__customer_id__ref_stg_customers_.aaa6d401fd: BEGIN
[0m20:42:24.735849 [debug] [Thread-1 (]: Opening a new connection, currently in state closed
[0m20:42:24.738570 [debug] [Thread-1 (]: SQL status: OK in 0.001 seconds
[0m20:42:24.740157 [debug] [Thread-1 (]: Using duckdb connection "test.dbt_project_1.relationships_fct_orders_customer_id__customer_id__ref_stg_customers_.aaa6d401fd"
[0m20:42:24.741128 [debug] [Thread-1 (]: On test.dbt_project_1.relationships_fct_orders_customer_id__customer_id__ref_stg_customers_.aaa6d401fd: /* {"app": "dbt", "dbt_version": "1.12.3", "profile_name": "dbt_project_1", "target_name": "dev_duckdb", "node_id": "test.dbt_project_1.relationships_fct_orders_customer_id__customer_id__ref_stg_customers_.aaa6d401fd"} */

    
    select
      count(*) as failures,
      count(*) != 0 as should_warn,
      count(*) != 0 as should_error
    from (
      
    
  
    
    

with child as (
    select customer_id as from_field
    from "dev"."main"."fct_orders"
    where customer_id is not null
),

parent as (
    select customer_id as to_field
    from "dev"."main"."stg_customers"
)

select
    from_field

from child
left join parent
    on child.from_field = parent.to_field

where parent.to_field is null



  
  
      
    ) dbt_internal_test
[0m20:42:24.960887 [debug] [Thread-1 (]: SQL status: OK in 0.219 seconds
[0m20:42:24.973548 [debug] [Thread-1 (]: On test.dbt_project_1.relationships_fct_orders_customer_id__customer_id__ref_stg_customers_.aaa6d401fd: ROLLBACK
[0m20:42:24.976906 [debug] [Thread-1 (]: On test.dbt_project_1.relationships_fct_orders_customer_id__customer_id__ref_stg_customers_.aaa6d401fd: Close
[0m20:42:24.979440 [info ] [Thread-1 (]: 10 of 15 PASS relationships_fct_orders_customer_id__customer_id__ref_stg_customers_  [[32mPASS[0m in 0.34s]
[0m20:42:24.984116 [debug] [Thread-1 (]: Finished running node test.dbt_project_1.relationships_fct_orders_customer_id__customer_id__ref_stg_customers_.aaa6d401fd
[0m20:42:24.985438 [debug] [Thread-1 (]: Began running node test.dbt_project_1.unique_fct_orders_order_id.523ddb6ce5
[0m20:42:24.987037 [info ] [Thread-1 (]: 11 of 15 START test unique_fct_orders_order_id ................................. [RUN]
[0m20:42:24.988616 [debug] [Thread-1 (]: Re-using an available connection from the pool (formerly test.dbt_project_1.relationships_fct_orders_customer_id__customer_id__ref_stg_customers_.aaa6d401fd, now test.dbt_project_1.unique_fct_orders_order_id.523ddb6ce5)
[0m20:42:24.992018 [debug] [Thread-1 (]: Began compiling node test.dbt_project_1.unique_fct_orders_order_id.523ddb6ce5
[0m20:42:25.031458 [debug] [Thread-1 (]: Writing injected SQL for node "test.dbt_project_1.unique_fct_orders_order_id.523ddb6ce5"
[0m20:42:25.036875 [debug] [Thread-1 (]: Began executing node test.dbt_project_1.unique_fct_orders_order_id.523ddb6ce5
[0m20:42:25.043943 [debug] [Thread-1 (]: Writing runtime sql for node "test.dbt_project_1.unique_fct_orders_order_id.523ddb6ce5"
[0m20:42:25.053933 [debug] [Thread-1 (]: Using duckdb connection "test.dbt_project_1.unique_fct_orders_order_id.523ddb6ce5"
[0m20:42:25.054928 [debug] [Thread-1 (]: On test.dbt_project_1.unique_fct_orders_order_id.523ddb6ce5: BEGIN
[0m20:42:25.056920 [debug] [Thread-1 (]: Opening a new connection, currently in state closed
[0m20:42:25.058934 [debug] [Thread-1 (]: SQL status: OK in 0.001 seconds
[0m20:42:25.060949 [debug] [Thread-1 (]: Using duckdb connection "test.dbt_project_1.unique_fct_orders_order_id.523ddb6ce5"
[0m20:42:25.062083 [debug] [Thread-1 (]: On test.dbt_project_1.unique_fct_orders_order_id.523ddb6ce5: /* {"app": "dbt", "dbt_version": "1.12.3", "profile_name": "dbt_project_1", "target_name": "dev_duckdb", "node_id": "test.dbt_project_1.unique_fct_orders_order_id.523ddb6ce5"} */

    
    select
      count(*) as failures,
      count(*) != 0 as should_warn,
      count(*) != 0 as should_error
    from (
      
    
  
    
    

select
    order_id as unique_field,
    count(*) as n_records

from "dev"."main"."fct_orders"
where order_id is not null
group by order_id
having count(*) > 1



  
  
      
    ) dbt_internal_test
[0m20:42:25.254510 [debug] [Thread-1 (]: SQL status: OK in 0.192 seconds
[0m20:42:25.268013 [debug] [Thread-1 (]: On test.dbt_project_1.unique_fct_orders_order_id.523ddb6ce5: ROLLBACK
[0m20:42:25.268493 [debug] [Thread-1 (]: On test.dbt_project_1.unique_fct_orders_order_id.523ddb6ce5: Close
[0m20:42:25.272049 [info ] [Thread-1 (]: 11 of 15 PASS unique_fct_orders_order_id ....................................... [[32mPASS[0m in 0.28s]
[0m20:42:25.272049 [debug] [Thread-1 (]: Finished running node test.dbt_project_1.unique_fct_orders_order_id.523ddb6ce5
[0m20:42:25.279458 [debug] [Thread-1 (]: Began running node test.dbt_project_1.unique_my_first_dbt_model_id.16e066b321
[0m20:42:25.280219 [info ] [Thread-1 (]: 12 of 15 START test unique_my_first_dbt_model_id ............................... [RUN]
[0m20:42:25.282319 [debug] [Thread-1 (]: Re-using an available connection from the pool (formerly test.dbt_project_1.unique_fct_orders_order_id.523ddb6ce5, now test.dbt_project_1.unique_my_first_dbt_model_id.16e066b321)
[0m20:42:25.283745 [debug] [Thread-1 (]: Began compiling node test.dbt_project_1.unique_my_first_dbt_model_id.16e066b321
[0m20:42:25.310302 [debug] [Thread-1 (]: Writing injected SQL for node "test.dbt_project_1.unique_my_first_dbt_model_id.16e066b321"
[0m20:42:25.315582 [debug] [Thread-1 (]: Began executing node test.dbt_project_1.unique_my_first_dbt_model_id.16e066b321
[0m20:42:25.320826 [debug] [Thread-1 (]: Writing runtime sql for node "test.dbt_project_1.unique_my_first_dbt_model_id.16e066b321"
[0m20:42:25.323103 [debug] [Thread-1 (]: Using duckdb connection "test.dbt_project_1.unique_my_first_dbt_model_id.16e066b321"
[0m20:42:25.328241 [debug] [Thread-1 (]: On test.dbt_project_1.unique_my_first_dbt_model_id.16e066b321: BEGIN
[0m20:42:25.328756 [debug] [Thread-1 (]: Opening a new connection, currently in state closed
[0m20:42:25.332107 [debug] [Thread-1 (]: SQL status: OK in 0.002 seconds
[0m20:42:25.332107 [debug] [Thread-1 (]: Using duckdb connection "test.dbt_project_1.unique_my_first_dbt_model_id.16e066b321"
[0m20:42:25.333212 [debug] [Thread-1 (]: On test.dbt_project_1.unique_my_first_dbt_model_id.16e066b321: /* {"app": "dbt", "dbt_version": "1.12.3", "profile_name": "dbt_project_1", "target_name": "dev_duckdb", "node_id": "test.dbt_project_1.unique_my_first_dbt_model_id.16e066b321"} */

    
    select
      count(*) as failures,
      count(*) != 0 as should_warn,
      count(*) != 0 as should_error
    from (
      
    
  
    
    

select
    id as unique_field,
    count(*) as n_records

from "dev"."main"."my_first_dbt_model"
where id is not null
group by id
having count(*) > 1



  
  
      
    ) dbt_internal_test
[0m20:42:25.336372 [debug] [Thread-1 (]: SQL status: OK in 0.002 seconds
[0m20:42:25.340374 [debug] [Thread-1 (]: On test.dbt_project_1.unique_my_first_dbt_model_id.16e066b321: ROLLBACK
[0m20:42:25.344428 [debug] [Thread-1 (]: On test.dbt_project_1.unique_my_first_dbt_model_id.16e066b321: Close
[0m20:42:25.346010 [info ] [Thread-1 (]: 12 of 15 PASS unique_my_first_dbt_model_id ..................................... [[32mPASS[0m in 0.06s]
[0m20:42:25.348919 [debug] [Thread-1 (]: Finished running node test.dbt_project_1.unique_my_first_dbt_model_id.16e066b321
[0m20:42:25.348919 [debug] [Thread-1 (]: Began running node test.dbt_project_1.unique_my_second_dbt_model_id.57a0f8c493
[0m20:42:25.351117 [info ] [Thread-1 (]: 13 of 15 START test unique_my_second_dbt_model_id .............................. [RUN]
[0m20:42:25.352465 [debug] [Thread-1 (]: Re-using an available connection from the pool (formerly test.dbt_project_1.unique_my_first_dbt_model_id.16e066b321, now test.dbt_project_1.unique_my_second_dbt_model_id.57a0f8c493)
[0m20:42:25.354748 [debug] [Thread-1 (]: Began compiling node test.dbt_project_1.unique_my_second_dbt_model_id.57a0f8c493
[0m20:42:25.372103 [debug] [Thread-1 (]: Writing injected SQL for node "test.dbt_project_1.unique_my_second_dbt_model_id.57a0f8c493"
[0m20:42:25.375425 [debug] [Thread-1 (]: Began executing node test.dbt_project_1.unique_my_second_dbt_model_id.57a0f8c493
[0m20:42:25.380721 [debug] [Thread-1 (]: Writing runtime sql for node "test.dbt_project_1.unique_my_second_dbt_model_id.57a0f8c493"
[0m20:42:25.385137 [debug] [Thread-1 (]: Using duckdb connection "test.dbt_project_1.unique_my_second_dbt_model_id.57a0f8c493"
[0m20:42:25.385993 [debug] [Thread-1 (]: On test.dbt_project_1.unique_my_second_dbt_model_id.57a0f8c493: BEGIN
[0m20:42:25.388005 [debug] [Thread-1 (]: Opening a new connection, currently in state closed
[0m20:42:25.392355 [debug] [Thread-1 (]: SQL status: OK in 0.003 seconds
[0m20:42:25.392355 [debug] [Thread-1 (]: Using duckdb connection "test.dbt_project_1.unique_my_second_dbt_model_id.57a0f8c493"
[0m20:42:25.394363 [debug] [Thread-1 (]: On test.dbt_project_1.unique_my_second_dbt_model_id.57a0f8c493: /* {"app": "dbt", "dbt_version": "1.12.3", "profile_name": "dbt_project_1", "target_name": "dev_duckdb", "node_id": "test.dbt_project_1.unique_my_second_dbt_model_id.57a0f8c493"} */

    
    select
      count(*) as failures,
      count(*) != 0 as should_warn,
      count(*) != 0 as should_error
    from (
      
    
  
    
    

select
    id as unique_field,
    count(*) as n_records

from "dev"."main"."my_second_dbt_model"
where id is not null
group by id
having count(*) > 1



  
  
      
    ) dbt_internal_test
[0m20:42:25.401254 [debug] [Thread-1 (]: SQL status: OK in 0.005 seconds
[0m20:42:25.402328 [debug] [Thread-1 (]: On test.dbt_project_1.unique_my_second_dbt_model_id.57a0f8c493: ROLLBACK
[0m20:42:25.408365 [debug] [Thread-1 (]: On test.dbt_project_1.unique_my_second_dbt_model_id.57a0f8c493: Close
[0m20:42:25.410899 [info ] [Thread-1 (]: 13 of 15 PASS unique_my_second_dbt_model_id .................................... [[32mPASS[0m in 0.06s]
[0m20:42:25.413424 [debug] [Thread-1 (]: Finished running node test.dbt_project_1.unique_my_second_dbt_model_id.57a0f8c493
[0m20:42:25.417680 [debug] [Thread-1 (]: Began running node test.dbt_project_1.unique_stg_customers_customer_id.c7614daada
[0m20:42:25.417680 [info ] [Thread-1 (]: 14 of 15 START test unique_stg_customers_customer_id ........................... [RUN]
[0m20:42:25.419699 [debug] [Thread-1 (]: Re-using an available connection from the pool (formerly test.dbt_project_1.unique_my_second_dbt_model_id.57a0f8c493, now test.dbt_project_1.unique_stg_customers_customer_id.c7614daada)
[0m20:42:25.421713 [debug] [Thread-1 (]: Began compiling node test.dbt_project_1.unique_stg_customers_customer_id.c7614daada
[0m20:42:25.442355 [debug] [Thread-1 (]: Writing injected SQL for node "test.dbt_project_1.unique_stg_customers_customer_id.c7614daada"
[0m20:42:25.447975 [debug] [Thread-1 (]: Began executing node test.dbt_project_1.unique_stg_customers_customer_id.c7614daada
[0m20:42:25.455561 [debug] [Thread-1 (]: Writing runtime sql for node "test.dbt_project_1.unique_stg_customers_customer_id.c7614daada"
[0m20:42:25.458783 [debug] [Thread-1 (]: Using duckdb connection "test.dbt_project_1.unique_stg_customers_customer_id.c7614daada"
[0m20:42:25.459794 [debug] [Thread-1 (]: On test.dbt_project_1.unique_stg_customers_customer_id.c7614daada: BEGIN
[0m20:42:25.461412 [debug] [Thread-1 (]: Opening a new connection, currently in state closed
[0m20:42:25.462513 [debug] [Thread-1 (]: SQL status: OK in 0.001 seconds
[0m20:42:25.463601 [debug] [Thread-1 (]: Using duckdb connection "test.dbt_project_1.unique_stg_customers_customer_id.c7614daada"
[0m20:42:25.464106 [debug] [Thread-1 (]: On test.dbt_project_1.unique_stg_customers_customer_id.c7614daada: /* {"app": "dbt", "dbt_version": "1.12.3", "profile_name": "dbt_project_1", "target_name": "dev_duckdb", "node_id": "test.dbt_project_1.unique_stg_customers_customer_id.c7614daada"} */

    
    select
      count(*) as failures,
      count(*) != 0 as should_warn,
      count(*) != 0 as should_error
    from (
      
    
  
    
    

select
    customer_id as unique_field,
    count(*) as n_records

from "dev"."main"."stg_customers"
where customer_id is not null
group by customer_id
having count(*) > 1



  
  
      
    ) dbt_internal_test
[0m20:42:25.507330 [debug] [Thread-1 (]: SQL status: OK in 0.043 seconds
[0m20:42:25.510441 [debug] [Thread-1 (]: On test.dbt_project_1.unique_stg_customers_customer_id.c7614daada: ROLLBACK
[0m20:42:25.514490 [debug] [Thread-1 (]: On test.dbt_project_1.unique_stg_customers_customer_id.c7614daada: Close
[0m20:42:25.516602 [info ] [Thread-1 (]: 14 of 15 PASS unique_stg_customers_customer_id ................................. [[32mPASS[0m in 0.10s]
[0m20:42:25.518397 [debug] [Thread-1 (]: Finished running node test.dbt_project_1.unique_stg_customers_customer_id.c7614daada
[0m20:42:25.519306 [debug] [Thread-1 (]: Began running node test.dbt_project_1.unique_stg_orders_order_id.e3b841c71a
[0m20:42:25.520670 [info ] [Thread-1 (]: 15 of 15 START test unique_stg_orders_order_id ................................. [RUN]
[0m20:42:25.522381 [debug] [Thread-1 (]: Re-using an available connection from the pool (formerly test.dbt_project_1.unique_stg_customers_customer_id.c7614daada, now test.dbt_project_1.unique_stg_orders_order_id.e3b841c71a)
[0m20:42:25.524376 [debug] [Thread-1 (]: Began compiling node test.dbt_project_1.unique_stg_orders_order_id.e3b841c71a
[0m20:42:25.548742 [debug] [Thread-1 (]: Writing injected SQL for node "test.dbt_project_1.unique_stg_orders_order_id.e3b841c71a"
[0m20:42:25.553766 [debug] [Thread-1 (]: Began executing node test.dbt_project_1.unique_stg_orders_order_id.e3b841c71a
[0m20:42:25.555774 [debug] [Thread-1 (]: Writing runtime sql for node "test.dbt_project_1.unique_stg_orders_order_id.e3b841c71a"
[0m20:42:25.561721 [debug] [Thread-1 (]: Using duckdb connection "test.dbt_project_1.unique_stg_orders_order_id.e3b841c71a"
[0m20:42:25.564214 [debug] [Thread-1 (]: On test.dbt_project_1.unique_stg_orders_order_id.e3b841c71a: BEGIN
[0m20:42:25.564994 [debug] [Thread-1 (]: Opening a new connection, currently in state closed
[0m20:42:25.566645 [debug] [Thread-1 (]: SQL status: OK in 0.001 seconds
[0m20:42:25.566645 [debug] [Thread-1 (]: Using duckdb connection "test.dbt_project_1.unique_stg_orders_order_id.e3b841c71a"
[0m20:42:25.568660 [debug] [Thread-1 (]: On test.dbt_project_1.unique_stg_orders_order_id.e3b841c71a: /* {"app": "dbt", "dbt_version": "1.12.3", "profile_name": "dbt_project_1", "target_name": "dev_duckdb", "node_id": "test.dbt_project_1.unique_stg_orders_order_id.e3b841c71a"} */

    
    select
      count(*) as failures,
      count(*) != 0 as should_warn,
      count(*) != 0 as should_error
    from (
      
    
  
    
    

select
    order_id as unique_field,
    count(*) as n_records

from "dev"."main"."stg_orders"
where order_id is not null
group by order_id
having count(*) > 1



  
  
      
    ) dbt_internal_test
[0m20:42:25.617292 [debug] [Thread-1 (]: SQL status: OK in 0.049 seconds
[0m20:42:25.623565 [debug] [Thread-1 (]: On test.dbt_project_1.unique_stg_orders_order_id.e3b841c71a: ROLLBACK
[0m20:42:25.625772 [debug] [Thread-1 (]: On test.dbt_project_1.unique_stg_orders_order_id.e3b841c71a: Close
[0m20:42:25.625772 [info ] [Thread-1 (]: 15 of 15 PASS unique_stg_orders_order_id ....................................... [[32mPASS[0m in 0.11s]
[0m20:42:25.627779 [debug] [Thread-1 (]: Finished running node test.dbt_project_1.unique_stg_orders_order_id.e3b841c71a
[0m20:42:25.635437 [debug] [MainThread]: Using duckdb connection "master"
[0m20:42:25.637053 [debug] [MainThread]: On master: BEGIN
[0m20:42:25.638488 [debug] [MainThread]: Opening a new connection, currently in state closed
[0m20:42:25.642204 [debug] [MainThread]: SQL status: OK in 0.004 seconds
[0m20:42:25.645403 [debug] [MainThread]: On master: COMMIT
[0m20:42:25.645403 [debug] [MainThread]: Using duckdb connection "master"
[0m20:42:25.646918 [debug] [MainThread]: On master: COMMIT
[0m20:42:25.653418 [debug] [MainThread]: SQL status: OK in 0.002 seconds
[0m20:42:25.654294 [debug] [MainThread]: On master: Close
[0m20:42:25.654294 [debug] [MainThread]: Connection 'master' was properly closed.
[0m20:42:25.656308 [debug] [MainThread]: Connection 'list_dev_main' was properly closed.
[0m20:42:25.656308 [debug] [MainThread]: Connection 'test.dbt_project_1.unique_stg_orders_order_id.e3b841c71a' was properly closed.
[0m20:42:25.658248 [info ] [MainThread]: 
[0m20:42:25.659657 [info ] [MainThread]: Finished running 15 data tests in 0 hours 0 minutes and 2.87 seconds (2.87s).
[0m20:42:25.672196 [debug] [MainThread]: Command end result
[0m20:42:25.816650 [debug] [MainThread]: Wrote artifact WritableManifest to C:\Users\gurs\Documents\gs_dbt_project\dbt_project_1\target\manifest.json
[0m20:42:25.845104 [debug] [MainThread]: Wrote artifact SemanticManifest to C:\Users\gurs\Documents\gs_dbt_project\dbt_project_1\target\semantic_manifest.json
[0m20:42:25.928701 [debug] [MainThread]: Wrote artifact OsiDocument to C:\Users\gurs\Documents\gs_dbt_project\dbt_project_1\target\osi_document.json
[0m20:42:26.053579 [debug] [MainThread]: Wrote artifact RunExecutionResult to C:\Users\gurs\Documents\gs_dbt_project\dbt_project_1\target\run_results.json
[0m20:42:26.055450 [info ] [MainThread]: 
[0m20:42:26.057152 [info ] [MainThread]: [31mCompleted with 1 error, 0 partial successes, and 0 warnings:[0m
[0m20:42:26.058294 [info ] [MainThread]: 
[0m20:42:26.060517 [error] [MainThread]: [[31mERROR[0m]: in test not_null_my_first_dbt_model_id (models\example\schema.yml)
[0m20:42:26.077120 [error] [MainThread]:   Got 1 result, configured to fail if != 0
[0m20:42:26.106202 [info ] [MainThread]: 
[0m20:42:26.109449 [info ] [MainThread]:   compiled code at target\compiled\dbt_project_1\models\example\schema.yml\not_null_my_first_dbt_model_id.sql
[0m20:42:26.111461 [info ] [MainThread]: 
[0m20:42:26.114157 [info ] [MainThread]: Done. PASS=14 WARN=0 ERROR=1 SKIP=0 NO-OP=0 REUSED=0 TOTAL=15
[0m20:42:26.119499 [debug] [MainThread]: Command `dbt test` failed at 20:42:26.119499 after 5.20 seconds
[0m20:42:26.122389 [debug] [MainThread]: Sending event: {'category': 'dbt', 'action': 'invocation', 'label': 'end', 'context': [<snowplow_tracker.self_describing_json.SelfDescribingJson object at 0x000001D255244410>, <snowplow_tracker.self_describing_json.SelfDescribingJson object at 0x000001D255244110>, <snowplow_tracker.self_describing_json.SelfDescribingJson object at 0x000001D2512B24E0>]}
[0m20:42:26.123369 [debug] [MainThread]: Flushing usage events
[0m20:42:27.072627 [debug] [MainThread]: An error was encountered while trying to flush usage events
[0m20:43:58.270690 [debug] [MainThread]: Sending event: {'category': 'dbt', 'action': 'invocation', 'label': 'start', 'context': [<snowplow_tracker.self_describing_json.SelfDescribingJson object at 0x000001BDB350D610>, <snowplow_tracker.self_describing_json.SelfDescribingJson object at 0x000001BDB17027B0>, <snowplow_tracker.self_describing_json.SelfDescribingJson object at 0x000001BDB350F0B0>]}


============================== 20:43:58.275489 | 65ae2f5f-e3af-402e-9527-d87553feaa4f ==============================
[0m20:43:58.275489 [info ] [MainThread]: Running with dbt=1.12.3
[0m20:43:58.275489 [debug] [MainThread]: running dbt with arguments {'maximum_seed_size_mib': '1', 'no_print': 'None', 'version_check': 'True', 'warn_error_options': 'WarnErrorOptionsV2(error=[], warn=[], silence=[])', 'static_parser': 'True', 'target_path': 'None', 'printer_width': '80', 'write_json': 'True', 'introspect': 'True', 'log_cache_events': 'False', 'empty': 'None', 'cache_selected_only': 'False', 'log_format': 'default', 'debug': 'False', 'fail_fast': 'False', 'partial_parse': 'True', 'send_anonymous_usage_stats': 'True', 'quiet': 'False', 'warn_error': 'None', 'profiles_dir': 'C:\\Users\\gurs\\.dbt', 'invocation_command': 'dbt test', 'hints_enabled': 'True', 'use_colors': 'True', 'use_experimental_parser': 'False', 'indirect_selection': 'eager', 'log_path': 'C:\\Users\\gurs\\Documents\\gs_dbt_project\\dbt_project_1\\logs'}
[0m20:43:58.517353 [debug] [MainThread]: Sending event: {'category': 'dbt', 'action': 'project_id', 'label': '65ae2f5f-e3af-402e-9527-d87553feaa4f', 'context': [<snowplow_tracker.self_describing_json.SelfDescribingJson object at 0x000001BDB3C4C0B0>]}
[0m20:43:58.593284 [debug] [MainThread]: Sending event: {'category': 'dbt', 'action': 'adapter_info', 'label': '65ae2f5f-e3af-402e-9527-d87553feaa4f', 'context': [<snowplow_tracker.self_describing_json.SelfDescribingJson object at 0x000001BDB36223F0>]}
[0m20:43:58.598807 [info ] [MainThread]: Registered adapter: duckdb=1.11.0
[0m20:43:59.108240 [debug] [MainThread]: checksum: e540a061191ca25dcec8cdd954961cf24eb37726dcfe9ac0012df58d683b378a, vars: {}, profile: dbt_project_1, target: dev_duckdb, version: 1.12.3
[0m20:43:59.374491 [debug] [MainThread]: Partial parsing enabled: 3 files deleted, 0 files added, 0 files changed.
[0m20:43:59.374491 [debug] [MainThread]: Partial parsing: deleted file: dbt_project_1://models\example\my_second_dbt_model.sql
[0m20:43:59.374491 [debug] [MainThread]: Partial parsing: deleted file: dbt_project_1://models\example\my_first_dbt_model.sql
[0m20:43:59.467897 [warn ] [MainThread]: [[33mWARNING[0m]: Configuration paths exist in your dbt_project.yml file which do not apply to any resources.
There are 1 unused configuration paths:
- models.dbt_project_1.example
[0m20:43:59.467897 [debug] [MainThread]: Sending event: {'category': 'dbt', 'action': 'load_project', 'label': '65ae2f5f-e3af-402e-9527-d87553feaa4f', 'context': [<snowplow_tracker.self_describing_json.SelfDescribingJson object at 0x000001BDB617D940>]}
[0m20:43:59.631007 [debug] [MainThread]: Wrote artifact WritableManifest to C:\Users\gurs\Documents\gs_dbt_project\dbt_project_1\target\manifest.json
[0m20:43:59.636933 [debug] [MainThread]: Wrote artifact SemanticManifest to C:\Users\gurs\Documents\gs_dbt_project\dbt_project_1\target\semantic_manifest.json
[0m20:43:59.667865 [debug] [MainThread]: Wrote artifact OsiDocument to C:\Users\gurs\Documents\gs_dbt_project\dbt_project_1\target\osi_document.json
[0m20:43:59.704369 [debug] [MainThread]: Sending event: {'category': 'dbt', 'action': 'resource_counts', 'label': '65ae2f5f-e3af-402e-9527-d87553feaa4f', 'context': [<snowplow_tracker.self_describing_json.SelfDescribingJson object at 0x000001BDB617DA60>]}
[0m20:43:59.704369 [info ] [MainThread]: Found 3 seeds, 5 models, 11 data tests, 501 macros
[0m20:43:59.708697 [debug] [MainThread]: Sending event: {'category': 'dbt', 'action': 'runnable_timing', 'label': '65ae2f5f-e3af-402e-9527-d87553feaa4f', 'context': [<snowplow_tracker.self_describing_json.SelfDescribingJson object at 0x000001BDB66A4BF0>]}
[0m20:43:59.708697 [info ] [MainThread]: 
[0m20:43:59.708697 [info ] [MainThread]: Concurrency: 1 threads (target='dev_duckdb')
[0m20:43:59.708697 [info ] [MainThread]: 
[0m20:43:59.712727 [debug] [MainThread]: Acquiring new duckdb connection 'master'
[0m20:43:59.717594 [debug] [ThreadPool]: Acquiring new duckdb connection 'list_dev_main'
[0m20:44:00.000560 [debug] [ThreadPool]: Using duckdb connection "list_dev_main"
[0m20:44:00.000560 [debug] [ThreadPool]: On list_dev_main: BEGIN
[0m20:44:00.006535 [debug] [ThreadPool]: Opening a new connection, currently in state init
[0m20:44:00.038532 [debug] [ThreadPool]: SQL status: OK in 0.032 seconds
[0m20:44:00.039194 [debug] [ThreadPool]: Using duckdb connection "list_dev_main"
[0m20:44:00.039708 [debug] [ThreadPool]: On list_dev_main: /* {"app": "dbt", "dbt_version": "1.12.3", "profile_name": "dbt_project_1", "target_name": "dev_duckdb", "connection_name": "list_dev_main"} */
select
      'dev' as database,
      table_name as name,
      table_schema as schema,
      CASE table_type
        WHEN 'BASE TABLE' THEN 'table'
        WHEN 'VIEW' THEN 'view'
        WHEN 'LOCAL TEMPORARY' THEN 'table'
        END as type
    from system.information_schema.tables
    where lower(table_schema) = 'main'
    and lower(table_catalog) = 'dev'
  
[0m20:44:00.046119 [debug] [ThreadPool]: SQL status: OK in 0.006 seconds
[0m20:44:00.048132 [debug] [ThreadPool]: On list_dev_main: ROLLBACK
[0m20:44:00.048132 [debug] [ThreadPool]: On list_dev_main: Close
[0m20:44:00.052149 [debug] [MainThread]: Sending event: {'category': 'dbt', 'action': 'runnable_timing', 'label': '65ae2f5f-e3af-402e-9527-d87553feaa4f', 'context': [<snowplow_tracker.self_describing_json.SelfDescribingJson object at 0x000001BDB66A5100>]}
[0m20:44:00.052149 [debug] [MainThread]: Using duckdb connection "master"
[0m20:44:00.054156 [debug] [MainThread]: On master: BEGIN
[0m20:44:00.054873 [debug] [MainThread]: Opening a new connection, currently in state init
[0m20:44:00.054873 [debug] [MainThread]: SQL status: OK in 0.001 seconds
[0m20:44:00.056963 [debug] [MainThread]: On master: COMMIT
[0m20:44:00.056963 [debug] [MainThread]: Using duckdb connection "master"
[0m20:44:00.057809 [debug] [MainThread]: On master: COMMIT
[0m20:44:00.058328 [debug] [MainThread]: SQL status: OK in 0.000 seconds
[0m20:44:00.058842 [debug] [MainThread]: On master: Close
[0m20:44:00.065649 [debug] [Thread-1 (]: Began running node test.dbt_project_1.accepted_values_stg_orders_order_status__delivered__shipped__canceled__invoiced__processing__approved__unavailable__created.cb59e451c5
[0m20:44:00.067657 [info ] [Thread-1 (]: 1 of 11 START test accepted_values_stg_orders_order_status__delivered__shipped__canceled__invoiced__processing__approved__unavailable__created  [RUN]
[0m20:44:00.067657 [debug] [Thread-1 (]: Acquiring new duckdb connection 'test.dbt_project_1.accepted_values_stg_orders_order_status__delivered__shipped__canceled__invoiced__processing__approved__unavailable__created.cb59e451c5'
[0m20:44:00.069670 [debug] [Thread-1 (]: Began compiling node test.dbt_project_1.accepted_values_stg_orders_order_status__delivered__shipped__canceled__invoiced__processing__approved__unavailable__created.cb59e451c5
[0m20:44:00.116193 [debug] [Thread-1 (]: Writing injected SQL for node "test.dbt_project_1.accepted_values_stg_orders_order_status__delivered__shipped__canceled__invoiced__processing__approved__unavailable__created.cb59e451c5"
[0m20:44:00.116193 [debug] [Thread-1 (]: Began executing node test.dbt_project_1.accepted_values_stg_orders_order_status__delivered__shipped__canceled__invoiced__processing__approved__unavailable__created.cb59e451c5
[0m20:44:00.133552 [debug] [Thread-1 (]: Writing runtime sql for node "test.dbt_project_1.accepted_values_stg_orders_order_status__delivered__shipped__canceled__invoiced__processing__approved__unavailable__created.cb59e451c5"
[0m20:44:00.138581 [debug] [Thread-1 (]: Using duckdb connection "test.dbt_project_1.accepted_values_stg_orders_order_status__delivered__shipped__canceled__invoiced__processing__approved__unavailable__created.cb59e451c5"
[0m20:44:00.138581 [debug] [Thread-1 (]: On test.dbt_project_1.accepted_values_stg_orders_order_status__delivered__shipped__canceled__invoiced__processing__approved__unavailable__created.cb59e451c5: BEGIN
[0m20:44:00.139607 [debug] [Thread-1 (]: Opening a new connection, currently in state init
[0m20:44:00.140350 [debug] [Thread-1 (]: SQL status: OK in 0.001 seconds
[0m20:44:00.140350 [debug] [Thread-1 (]: Using duckdb connection "test.dbt_project_1.accepted_values_stg_orders_order_status__delivered__shipped__canceled__invoiced__processing__approved__unavailable__created.cb59e451c5"
[0m20:44:00.140350 [debug] [Thread-1 (]: On test.dbt_project_1.accepted_values_stg_orders_order_status__delivered__shipped__canceled__invoiced__processing__approved__unavailable__created.cb59e451c5: /* {"app": "dbt", "dbt_version": "1.12.3", "profile_name": "dbt_project_1", "target_name": "dev_duckdb", "node_id": "test.dbt_project_1.accepted_values_stg_orders_order_status__delivered__shipped__canceled__invoiced__processing__approved__unavailable__created.cb59e451c5"} */

    
    select
      count(*) as failures,
      count(*) != 0 as should_warn,
      count(*) != 0 as should_error
    from (
      
    
  
    
    

with all_values as (

    select
        order_status as value_field,
        count(*) as n_records

    from "dev"."main"."stg_orders"
    group by order_status

)

select *
from all_values
where value_field not in (
    'delivered','shipped','canceled','invoiced','processing','approved','unavailable','created'
)



  
  
      
    ) dbt_internal_test
[0m20:44:00.146385 [debug] [Thread-1 (]: SQL status: OK in 0.005 seconds
[0m20:44:00.150433 [debug] [Thread-1 (]: On test.dbt_project_1.accepted_values_stg_orders_order_status__delivered__shipped__canceled__invoiced__processing__approved__unavailable__created.cb59e451c5: ROLLBACK
[0m20:44:00.150433 [debug] [Thread-1 (]: On test.dbt_project_1.accepted_values_stg_orders_order_status__delivered__shipped__canceled__invoiced__processing__approved__unavailable__created.cb59e451c5: Close
[0m20:44:00.150433 [info ] [Thread-1 (]: 1 of 11 PASS accepted_values_stg_orders_order_status__delivered__shipped__canceled__invoiced__processing__approved__unavailable__created  [[32mPASS[0m in 0.08s]
[0m20:44:00.150433 [debug] [Thread-1 (]: Finished running node test.dbt_project_1.accepted_values_stg_orders_order_status__delivered__shipped__canceled__invoiced__processing__approved__unavailable__created.cb59e451c5
[0m20:44:00.150433 [debug] [Thread-1 (]: Began running node test.dbt_project_1.not_null_fct_orders_customer_id.16fe324f7b
[0m20:44:00.150433 [info ] [Thread-1 (]: 2 of 11 START test not_null_fct_orders_customer_id ............................. [RUN]
[0m20:44:00.150433 [debug] [Thread-1 (]: Re-using an available connection from the pool (formerly test.dbt_project_1.accepted_values_stg_orders_order_status__delivered__shipped__canceled__invoiced__processing__approved__unavailable__created.cb59e451c5, now test.dbt_project_1.not_null_fct_orders_customer_id.16fe324f7b)
[0m20:44:00.150433 [debug] [Thread-1 (]: Began compiling node test.dbt_project_1.not_null_fct_orders_customer_id.16fe324f7b
[0m20:44:00.162011 [debug] [Thread-1 (]: Writing injected SQL for node "test.dbt_project_1.not_null_fct_orders_customer_id.16fe324f7b"
[0m20:44:00.162011 [debug] [Thread-1 (]: Began executing node test.dbt_project_1.not_null_fct_orders_customer_id.16fe324f7b
[0m20:44:00.165606 [debug] [Thread-1 (]: Writing runtime sql for node "test.dbt_project_1.not_null_fct_orders_customer_id.16fe324f7b"
[0m20:44:00.169307 [debug] [Thread-1 (]: Using duckdb connection "test.dbt_project_1.not_null_fct_orders_customer_id.16fe324f7b"
[0m20:44:00.169734 [debug] [Thread-1 (]: On test.dbt_project_1.not_null_fct_orders_customer_id.16fe324f7b: BEGIN
[0m20:44:00.169734 [debug] [Thread-1 (]: Opening a new connection, currently in state closed
[0m20:44:00.169734 [debug] [Thread-1 (]: SQL status: OK in 0.001 seconds
[0m20:44:00.169734 [debug] [Thread-1 (]: Using duckdb connection "test.dbt_project_1.not_null_fct_orders_customer_id.16fe324f7b"
[0m20:44:00.169734 [debug] [Thread-1 (]: On test.dbt_project_1.not_null_fct_orders_customer_id.16fe324f7b: /* {"app": "dbt", "dbt_version": "1.12.3", "profile_name": "dbt_project_1", "target_name": "dev_duckdb", "node_id": "test.dbt_project_1.not_null_fct_orders_customer_id.16fe324f7b"} */

    
    select
      count(*) as failures,
      count(*) != 0 as should_warn,
      count(*) != 0 as should_error
    from (
      
    
  
    
    



select customer_id
from "dev"."main"."fct_orders"
where customer_id is null



  
  
      
    ) dbt_internal_test
[0m20:44:00.199575 [debug] [Thread-1 (]: SQL status: OK in 0.028 seconds
[0m20:44:00.199575 [debug] [Thread-1 (]: On test.dbt_project_1.not_null_fct_orders_customer_id.16fe324f7b: ROLLBACK
[0m20:44:00.199575 [debug] [Thread-1 (]: On test.dbt_project_1.not_null_fct_orders_customer_id.16fe324f7b: Close
[0m20:44:00.199575 [info ] [Thread-1 (]: 2 of 11 PASS not_null_fct_orders_customer_id ................................... [[32mPASS[0m in 0.05s]
[0m20:44:00.199575 [debug] [Thread-1 (]: Finished running node test.dbt_project_1.not_null_fct_orders_customer_id.16fe324f7b
[0m20:44:00.199575 [debug] [Thread-1 (]: Began running node test.dbt_project_1.not_null_fct_orders_order_id.4e687af8d0
[0m20:44:00.199575 [info ] [Thread-1 (]: 3 of 11 START test not_null_fct_orders_order_id ................................ [RUN]
[0m20:44:00.199575 [debug] [Thread-1 (]: Re-using an available connection from the pool (formerly test.dbt_project_1.not_null_fct_orders_customer_id.16fe324f7b, now test.dbt_project_1.not_null_fct_orders_order_id.4e687af8d0)
[0m20:44:00.199575 [debug] [Thread-1 (]: Began compiling node test.dbt_project_1.not_null_fct_orders_order_id.4e687af8d0
[0m20:44:00.211210 [debug] [Thread-1 (]: Writing injected SQL for node "test.dbt_project_1.not_null_fct_orders_order_id.4e687af8d0"
[0m20:44:00.211210 [debug] [Thread-1 (]: Began executing node test.dbt_project_1.not_null_fct_orders_order_id.4e687af8d0
[0m20:44:00.211210 [debug] [Thread-1 (]: Writing runtime sql for node "test.dbt_project_1.not_null_fct_orders_order_id.4e687af8d0"
[0m20:44:00.216373 [debug] [Thread-1 (]: Using duckdb connection "test.dbt_project_1.not_null_fct_orders_order_id.4e687af8d0"
[0m20:44:00.216373 [debug] [Thread-1 (]: On test.dbt_project_1.not_null_fct_orders_order_id.4e687af8d0: BEGIN
[0m20:44:00.217915 [debug] [Thread-1 (]: Opening a new connection, currently in state closed
[0m20:44:00.217915 [debug] [Thread-1 (]: SQL status: OK in 0.001 seconds
[0m20:44:00.217915 [debug] [Thread-1 (]: Using duckdb connection "test.dbt_project_1.not_null_fct_orders_order_id.4e687af8d0"
[0m20:44:00.217915 [debug] [Thread-1 (]: On test.dbt_project_1.not_null_fct_orders_order_id.4e687af8d0: /* {"app": "dbt", "dbt_version": "1.12.3", "profile_name": "dbt_project_1", "target_name": "dev_duckdb", "node_id": "test.dbt_project_1.not_null_fct_orders_order_id.4e687af8d0"} */

    
    select
      count(*) as failures,
      count(*) != 0 as should_warn,
      count(*) != 0 as should_error
    from (
      
    
  
    
    



select order_id
from "dev"."main"."fct_orders"
where order_id is null



  
  
      
    ) dbt_internal_test
[0m20:44:00.245424 [debug] [Thread-1 (]: SQL status: OK in 0.025 seconds
[0m20:44:00.247195 [debug] [Thread-1 (]: On test.dbt_project_1.not_null_fct_orders_order_id.4e687af8d0: ROLLBACK
[0m20:44:00.248993 [debug] [Thread-1 (]: On test.dbt_project_1.not_null_fct_orders_order_id.4e687af8d0: Close
[0m20:44:00.248993 [info ] [Thread-1 (]: 3 of 11 PASS not_null_fct_orders_order_id ...................................... [[32mPASS[0m in 0.05s]
[0m20:44:00.250904 [debug] [Thread-1 (]: Finished running node test.dbt_project_1.not_null_fct_orders_order_id.4e687af8d0
[0m20:44:00.250904 [debug] [Thread-1 (]: Began running node test.dbt_project_1.not_null_stg_customers_customer_id.e2cfb1f9aa
[0m20:44:00.250904 [info ] [Thread-1 (]: 4 of 11 START test not_null_stg_customers_customer_id .......................... [RUN]
[0m20:44:00.250904 [debug] [Thread-1 (]: Re-using an available connection from the pool (formerly test.dbt_project_1.not_null_fct_orders_order_id.4e687af8d0, now test.dbt_project_1.not_null_stg_customers_customer_id.e2cfb1f9aa)
[0m20:44:00.250904 [debug] [Thread-1 (]: Began compiling node test.dbt_project_1.not_null_stg_customers_customer_id.e2cfb1f9aa
[0m20:44:00.250904 [debug] [Thread-1 (]: Writing injected SQL for node "test.dbt_project_1.not_null_stg_customers_customer_id.e2cfb1f9aa"
[0m20:44:00.250904 [debug] [Thread-1 (]: Began executing node test.dbt_project_1.not_null_stg_customers_customer_id.e2cfb1f9aa
[0m20:44:00.250904 [debug] [Thread-1 (]: Writing runtime sql for node "test.dbt_project_1.not_null_stg_customers_customer_id.e2cfb1f9aa"
[0m20:44:00.263317 [debug] [Thread-1 (]: Using duckdb connection "test.dbt_project_1.not_null_stg_customers_customer_id.e2cfb1f9aa"
[0m20:44:00.263317 [debug] [Thread-1 (]: On test.dbt_project_1.not_null_stg_customers_customer_id.e2cfb1f9aa: BEGIN
[0m20:44:00.264672 [debug] [Thread-1 (]: Opening a new connection, currently in state closed
[0m20:44:00.264672 [debug] [Thread-1 (]: SQL status: OK in 0.001 seconds
[0m20:44:00.264672 [debug] [Thread-1 (]: Using duckdb connection "test.dbt_project_1.not_null_stg_customers_customer_id.e2cfb1f9aa"
[0m20:44:00.266709 [debug] [Thread-1 (]: On test.dbt_project_1.not_null_stg_customers_customer_id.e2cfb1f9aa: /* {"app": "dbt", "dbt_version": "1.12.3", "profile_name": "dbt_project_1", "target_name": "dev_duckdb", "node_id": "test.dbt_project_1.not_null_stg_customers_customer_id.e2cfb1f9aa"} */

    
    select
      count(*) as failures,
      count(*) != 0 as should_warn,
      count(*) != 0 as should_error
    from (
      
    
  
    
    



select customer_id
from "dev"."main"."stg_customers"
where customer_id is null



  
  
      
    ) dbt_internal_test
[0m20:44:00.267357 [debug] [Thread-1 (]: SQL status: OK in 0.001 seconds
[0m20:44:00.267357 [debug] [Thread-1 (]: On test.dbt_project_1.not_null_stg_customers_customer_id.e2cfb1f9aa: ROLLBACK
[0m20:44:00.267357 [debug] [Thread-1 (]: On test.dbt_project_1.not_null_stg_customers_customer_id.e2cfb1f9aa: Close
[0m20:44:00.271543 [info ] [Thread-1 (]: 4 of 11 PASS not_null_stg_customers_customer_id ................................ [[32mPASS[0m in 0.02s]
[0m20:44:00.272617 [debug] [Thread-1 (]: Finished running node test.dbt_project_1.not_null_stg_customers_customer_id.e2cfb1f9aa
[0m20:44:00.272617 [debug] [Thread-1 (]: Began running node test.dbt_project_1.not_null_stg_orders_customer_id.af79d5e4b5
[0m20:44:00.274630 [info ] [Thread-1 (]: 5 of 11 START test not_null_stg_orders_customer_id ............................. [RUN]
[0m20:44:00.274630 [debug] [Thread-1 (]: Re-using an available connection from the pool (formerly test.dbt_project_1.not_null_stg_customers_customer_id.e2cfb1f9aa, now test.dbt_project_1.not_null_stg_orders_customer_id.af79d5e4b5)
[0m20:44:00.274630 [debug] [Thread-1 (]: Began compiling node test.dbt_project_1.not_null_stg_orders_customer_id.af79d5e4b5
[0m20:44:00.280420 [debug] [Thread-1 (]: Writing injected SQL for node "test.dbt_project_1.not_null_stg_orders_customer_id.af79d5e4b5"
[0m20:44:00.284961 [debug] [Thread-1 (]: Began executing node test.dbt_project_1.not_null_stg_orders_customer_id.af79d5e4b5
[0m20:44:00.286988 [debug] [Thread-1 (]: Writing runtime sql for node "test.dbt_project_1.not_null_stg_orders_customer_id.af79d5e4b5"
[0m20:44:00.288597 [debug] [Thread-1 (]: Using duckdb connection "test.dbt_project_1.not_null_stg_orders_customer_id.af79d5e4b5"
[0m20:44:00.288597 [debug] [Thread-1 (]: On test.dbt_project_1.not_null_stg_orders_customer_id.af79d5e4b5: BEGIN
[0m20:44:00.288597 [debug] [Thread-1 (]: Opening a new connection, currently in state closed
[0m20:44:00.288597 [debug] [Thread-1 (]: SQL status: OK in 0.001 seconds
[0m20:44:00.288597 [debug] [Thread-1 (]: Using duckdb connection "test.dbt_project_1.not_null_stg_orders_customer_id.af79d5e4b5"
[0m20:44:00.288597 [debug] [Thread-1 (]: On test.dbt_project_1.not_null_stg_orders_customer_id.af79d5e4b5: /* {"app": "dbt", "dbt_version": "1.12.3", "profile_name": "dbt_project_1", "target_name": "dev_duckdb", "node_id": "test.dbt_project_1.not_null_stg_orders_customer_id.af79d5e4b5"} */

    
    select
      count(*) as failures,
      count(*) != 0 as should_warn,
      count(*) != 0 as should_error
    from (
      
    
  
    
    



select customer_id
from "dev"."main"."stg_orders"
where customer_id is null



  
  
      
    ) dbt_internal_test
[0m20:44:00.288597 [debug] [Thread-1 (]: SQL status: OK in 0.001 seconds
[0m20:44:00.288597 [debug] [Thread-1 (]: On test.dbt_project_1.not_null_stg_orders_customer_id.af79d5e4b5: ROLLBACK
[0m20:44:00.288597 [debug] [Thread-1 (]: On test.dbt_project_1.not_null_stg_orders_customer_id.af79d5e4b5: Close
[0m20:44:00.288597 [info ] [Thread-1 (]: 5 of 11 PASS not_null_stg_orders_customer_id ................................... [[32mPASS[0m in 0.01s]
[0m20:44:00.288597 [debug] [Thread-1 (]: Finished running node test.dbt_project_1.not_null_stg_orders_customer_id.af79d5e4b5
[0m20:44:00.288597 [debug] [Thread-1 (]: Began running node test.dbt_project_1.not_null_stg_orders_order_id.81cfe2fe64
[0m20:44:00.288597 [info ] [Thread-1 (]: 6 of 11 START test not_null_stg_orders_order_id ................................ [RUN]
[0m20:44:00.288597 [debug] [Thread-1 (]: Re-using an available connection from the pool (formerly test.dbt_project_1.not_null_stg_orders_customer_id.af79d5e4b5, now test.dbt_project_1.not_null_stg_orders_order_id.81cfe2fe64)
[0m20:44:00.288597 [debug] [Thread-1 (]: Began compiling node test.dbt_project_1.not_null_stg_orders_order_id.81cfe2fe64
[0m20:44:00.299881 [debug] [Thread-1 (]: Writing injected SQL for node "test.dbt_project_1.not_null_stg_orders_order_id.81cfe2fe64"
[0m20:44:00.299881 [debug] [Thread-1 (]: Began executing node test.dbt_project_1.not_null_stg_orders_order_id.81cfe2fe64
[0m20:44:00.299881 [debug] [Thread-1 (]: Writing runtime sql for node "test.dbt_project_1.not_null_stg_orders_order_id.81cfe2fe64"
[0m20:44:00.299881 [debug] [Thread-1 (]: Using duckdb connection "test.dbt_project_1.not_null_stg_orders_order_id.81cfe2fe64"
[0m20:44:00.312381 [debug] [Thread-1 (]: On test.dbt_project_1.not_null_stg_orders_order_id.81cfe2fe64: BEGIN
[0m20:44:00.312381 [debug] [Thread-1 (]: Opening a new connection, currently in state closed
[0m20:44:00.312381 [debug] [Thread-1 (]: SQL status: OK in 0.001 seconds
[0m20:44:00.312381 [debug] [Thread-1 (]: Using duckdb connection "test.dbt_project_1.not_null_stg_orders_order_id.81cfe2fe64"
[0m20:44:00.312381 [debug] [Thread-1 (]: On test.dbt_project_1.not_null_stg_orders_order_id.81cfe2fe64: /* {"app": "dbt", "dbt_version": "1.12.3", "profile_name": "dbt_project_1", "target_name": "dev_duckdb", "node_id": "test.dbt_project_1.not_null_stg_orders_order_id.81cfe2fe64"} */

    
    select
      count(*) as failures,
      count(*) != 0 as should_warn,
      count(*) != 0 as should_error
    from (
      
    
  
    
    



select order_id
from "dev"."main"."stg_orders"
where order_id is null



  
  
      
    ) dbt_internal_test
[0m20:44:00.315910 [debug] [Thread-1 (]: SQL status: OK in 0.001 seconds
[0m20:44:00.316436 [debug] [Thread-1 (]: On test.dbt_project_1.not_null_stg_orders_order_id.81cfe2fe64: ROLLBACK
[0m20:44:00.319122 [debug] [Thread-1 (]: On test.dbt_project_1.not_null_stg_orders_order_id.81cfe2fe64: Close
[0m20:44:00.320585 [info ] [Thread-1 (]: 6 of 11 PASS not_null_stg_orders_order_id ...................................... [[32mPASS[0m in 0.03s]
[0m20:44:00.320585 [debug] [Thread-1 (]: Finished running node test.dbt_project_1.not_null_stg_orders_order_id.81cfe2fe64
[0m20:44:00.320585 [debug] [Thread-1 (]: Began running node test.dbt_project_1.not_null_stg_payments_order_id.601cf57649
[0m20:44:00.322617 [info ] [Thread-1 (]: 7 of 11 START test not_null_stg_payments_order_id .............................. [RUN]
[0m20:44:00.322617 [debug] [Thread-1 (]: Re-using an available connection from the pool (formerly test.dbt_project_1.not_null_stg_orders_order_id.81cfe2fe64, now test.dbt_project_1.not_null_stg_payments_order_id.601cf57649)
[0m20:44:00.322617 [debug] [Thread-1 (]: Began compiling node test.dbt_project_1.not_null_stg_payments_order_id.601cf57649
[0m20:44:00.327774 [debug] [Thread-1 (]: Writing injected SQL for node "test.dbt_project_1.not_null_stg_payments_order_id.601cf57649"
[0m20:44:00.327774 [debug] [Thread-1 (]: Began executing node test.dbt_project_1.not_null_stg_payments_order_id.601cf57649
[0m20:44:00.336674 [debug] [Thread-1 (]: Writing runtime sql for node "test.dbt_project_1.not_null_stg_payments_order_id.601cf57649"
[0m20:44:00.393291 [debug] [Thread-1 (]: Using duckdb connection "test.dbt_project_1.not_null_stg_payments_order_id.601cf57649"
[0m20:44:00.393860 [debug] [Thread-1 (]: On test.dbt_project_1.not_null_stg_payments_order_id.601cf57649: BEGIN
[0m20:44:00.393860 [debug] [Thread-1 (]: Opening a new connection, currently in state closed
[0m20:44:00.395018 [debug] [Thread-1 (]: SQL status: OK in 0.001 seconds
[0m20:44:00.395995 [debug] [Thread-1 (]: Using duckdb connection "test.dbt_project_1.not_null_stg_payments_order_id.601cf57649"
[0m20:44:00.396670 [debug] [Thread-1 (]: On test.dbt_project_1.not_null_stg_payments_order_id.601cf57649: /* {"app": "dbt", "dbt_version": "1.12.3", "profile_name": "dbt_project_1", "target_name": "dev_duckdb", "node_id": "test.dbt_project_1.not_null_stg_payments_order_id.601cf57649"} */

    
    select
      count(*) as failures,
      count(*) != 0 as should_warn,
      count(*) != 0 as should_error
    from (
      
    
  
    
    



select order_id
from "dev"."main"."stg_payments"
where order_id is null



  
  
      
    ) dbt_internal_test
[0m20:44:00.397948 [debug] [Thread-1 (]: SQL status: OK in 0.001 seconds
[0m20:44:00.400238 [debug] [Thread-1 (]: On test.dbt_project_1.not_null_stg_payments_order_id.601cf57649: ROLLBACK
[0m20:44:00.402244 [debug] [Thread-1 (]: On test.dbt_project_1.not_null_stg_payments_order_id.601cf57649: Close
[0m20:44:00.402244 [info ] [Thread-1 (]: 7 of 11 PASS not_null_stg_payments_order_id .................................... [[32mPASS[0m in 0.08s]
[0m20:44:00.408843 [debug] [Thread-1 (]: Finished running node test.dbt_project_1.not_null_stg_payments_order_id.601cf57649
[0m20:44:00.409351 [debug] [Thread-1 (]: Began running node test.dbt_project_1.relationships_fct_orders_customer_id__customer_id__ref_stg_customers_.aaa6d401fd
[0m20:44:00.409351 [info ] [Thread-1 (]: 8 of 11 START test relationships_fct_orders_customer_id__customer_id__ref_stg_customers_  [RUN]
[0m20:44:00.409351 [debug] [Thread-1 (]: Re-using an available connection from the pool (formerly test.dbt_project_1.not_null_stg_payments_order_id.601cf57649, now test.dbt_project_1.relationships_fct_orders_customer_id__customer_id__ref_stg_customers_.aaa6d401fd)
[0m20:44:00.411497 [debug] [Thread-1 (]: Began compiling node test.dbt_project_1.relationships_fct_orders_customer_id__customer_id__ref_stg_customers_.aaa6d401fd
[0m20:44:00.437490 [debug] [Thread-1 (]: Writing injected SQL for node "test.dbt_project_1.relationships_fct_orders_customer_id__customer_id__ref_stg_customers_.aaa6d401fd"
[0m20:44:00.440100 [debug] [Thread-1 (]: Began executing node test.dbt_project_1.relationships_fct_orders_customer_id__customer_id__ref_stg_customers_.aaa6d401fd
[0m20:44:00.441217 [debug] [Thread-1 (]: Writing runtime sql for node "test.dbt_project_1.relationships_fct_orders_customer_id__customer_id__ref_stg_customers_.aaa6d401fd"
[0m20:44:00.443207 [debug] [Thread-1 (]: Using duckdb connection "test.dbt_project_1.relationships_fct_orders_customer_id__customer_id__ref_stg_customers_.aaa6d401fd"
[0m20:44:00.443207 [debug] [Thread-1 (]: On test.dbt_project_1.relationships_fct_orders_customer_id__customer_id__ref_stg_customers_.aaa6d401fd: BEGIN
[0m20:44:00.443207 [debug] [Thread-1 (]: Opening a new connection, currently in state closed
[0m20:44:00.443207 [debug] [Thread-1 (]: SQL status: OK in 0.001 seconds
[0m20:44:00.443207 [debug] [Thread-1 (]: Using duckdb connection "test.dbt_project_1.relationships_fct_orders_customer_id__customer_id__ref_stg_customers_.aaa6d401fd"
[0m20:44:00.443207 [debug] [Thread-1 (]: On test.dbt_project_1.relationships_fct_orders_customer_id__customer_id__ref_stg_customers_.aaa6d401fd: /* {"app": "dbt", "dbt_version": "1.12.3", "profile_name": "dbt_project_1", "target_name": "dev_duckdb", "node_id": "test.dbt_project_1.relationships_fct_orders_customer_id__customer_id__ref_stg_customers_.aaa6d401fd"} */

    
    select
      count(*) as failures,
      count(*) != 0 as should_warn,
      count(*) != 0 as should_error
    from (
      
    
  
    
    

with child as (
    select customer_id as from_field
    from "dev"."main"."fct_orders"
    where customer_id is not null
),

parent as (
    select customer_id as to_field
    from "dev"."main"."stg_customers"
)

select
    from_field

from child
left join parent
    on child.from_field = parent.to_field

where parent.to_field is null



  
  
      
    ) dbt_internal_test
[0m20:44:00.528766 [debug] [Thread-1 (]: SQL status: OK in 0.082 seconds
[0m20:44:00.532796 [debug] [Thread-1 (]: On test.dbt_project_1.relationships_fct_orders_customer_id__customer_id__ref_stg_customers_.aaa6d401fd: ROLLBACK
[0m20:44:00.532796 [debug] [Thread-1 (]: On test.dbt_project_1.relationships_fct_orders_customer_id__customer_id__ref_stg_customers_.aaa6d401fd: Close
[0m20:44:00.532796 [info ] [Thread-1 (]: 8 of 11 PASS relationships_fct_orders_customer_id__customer_id__ref_stg_customers_  [[32mPASS[0m in 0.12s]
[0m20:44:00.532796 [debug] [Thread-1 (]: Finished running node test.dbt_project_1.relationships_fct_orders_customer_id__customer_id__ref_stg_customers_.aaa6d401fd
[0m20:44:00.532796 [debug] [Thread-1 (]: Began running node test.dbt_project_1.unique_fct_orders_order_id.523ddb6ce5
[0m20:44:00.532796 [info ] [Thread-1 (]: 9 of 11 START test unique_fct_orders_order_id .................................. [RUN]
[0m20:44:00.532796 [debug] [Thread-1 (]: Re-using an available connection from the pool (formerly test.dbt_project_1.relationships_fct_orders_customer_id__customer_id__ref_stg_customers_.aaa6d401fd, now test.dbt_project_1.unique_fct_orders_order_id.523ddb6ce5)
[0m20:44:00.532796 [debug] [Thread-1 (]: Began compiling node test.dbt_project_1.unique_fct_orders_order_id.523ddb6ce5
[0m20:44:00.547849 [debug] [Thread-1 (]: Writing injected SQL for node "test.dbt_project_1.unique_fct_orders_order_id.523ddb6ce5"
[0m20:44:00.551778 [debug] [Thread-1 (]: Began executing node test.dbt_project_1.unique_fct_orders_order_id.523ddb6ce5
[0m20:44:00.553788 [debug] [Thread-1 (]: Writing runtime sql for node "test.dbt_project_1.unique_fct_orders_order_id.523ddb6ce5"
[0m20:44:00.555083 [debug] [Thread-1 (]: Using duckdb connection "test.dbt_project_1.unique_fct_orders_order_id.523ddb6ce5"
[0m20:44:00.556704 [debug] [Thread-1 (]: On test.dbt_project_1.unique_fct_orders_order_id.523ddb6ce5: BEGIN
[0m20:44:00.556704 [debug] [Thread-1 (]: Opening a new connection, currently in state closed
[0m20:44:00.556704 [debug] [Thread-1 (]: SQL status: OK in 0.001 seconds
[0m20:44:00.556704 [debug] [Thread-1 (]: Using duckdb connection "test.dbt_project_1.unique_fct_orders_order_id.523ddb6ce5"
[0m20:44:00.556704 [debug] [Thread-1 (]: On test.dbt_project_1.unique_fct_orders_order_id.523ddb6ce5: /* {"app": "dbt", "dbt_version": "1.12.3", "profile_name": "dbt_project_1", "target_name": "dev_duckdb", "node_id": "test.dbt_project_1.unique_fct_orders_order_id.523ddb6ce5"} */

    
    select
      count(*) as failures,
      count(*) != 0 as should_warn,
      count(*) != 0 as should_error
    from (
      
    
  
    
    

select
    order_id as unique_field,
    count(*) as n_records

from "dev"."main"."fct_orders"
where order_id is not null
group by order_id
having count(*) > 1



  
  
      
    ) dbt_internal_test
[0m20:44:00.639766 [debug] [Thread-1 (]: SQL status: OK in 0.081 seconds
[0m20:44:00.643445 [debug] [Thread-1 (]: On test.dbt_project_1.unique_fct_orders_order_id.523ddb6ce5: ROLLBACK
[0m20:44:00.643445 [debug] [Thread-1 (]: On test.dbt_project_1.unique_fct_orders_order_id.523ddb6ce5: Close
[0m20:44:00.643445 [info ] [Thread-1 (]: 9 of 11 PASS unique_fct_orders_order_id ........................................ [[32mPASS[0m in 0.11s]
[0m20:44:00.646557 [debug] [Thread-1 (]: Finished running node test.dbt_project_1.unique_fct_orders_order_id.523ddb6ce5
[0m20:44:00.646557 [debug] [Thread-1 (]: Began running node test.dbt_project_1.unique_stg_customers_customer_id.c7614daada
[0m20:44:00.646557 [info ] [Thread-1 (]: 10 of 11 START test unique_stg_customers_customer_id ........................... [RUN]
[0m20:44:00.646557 [debug] [Thread-1 (]: Re-using an available connection from the pool (formerly test.dbt_project_1.unique_fct_orders_order_id.523ddb6ce5, now test.dbt_project_1.unique_stg_customers_customer_id.c7614daada)
[0m20:44:00.646557 [debug] [Thread-1 (]: Began compiling node test.dbt_project_1.unique_stg_customers_customer_id.c7614daada
[0m20:44:00.651798 [debug] [Thread-1 (]: Writing injected SQL for node "test.dbt_project_1.unique_stg_customers_customer_id.c7614daada"
[0m20:44:00.651798 [debug] [Thread-1 (]: Began executing node test.dbt_project_1.unique_stg_customers_customer_id.c7614daada
[0m20:44:00.659792 [debug] [Thread-1 (]: Writing runtime sql for node "test.dbt_project_1.unique_stg_customers_customer_id.c7614daada"
[0m20:44:00.659792 [debug] [Thread-1 (]: Using duckdb connection "test.dbt_project_1.unique_stg_customers_customer_id.c7614daada"
[0m20:44:00.662653 [debug] [Thread-1 (]: On test.dbt_project_1.unique_stg_customers_customer_id.c7614daada: BEGIN
[0m20:44:00.662653 [debug] [Thread-1 (]: Opening a new connection, currently in state closed
[0m20:44:00.663328 [debug] [Thread-1 (]: SQL status: OK in 0.001 seconds
[0m20:44:00.664346 [debug] [Thread-1 (]: Using duckdb connection "test.dbt_project_1.unique_stg_customers_customer_id.c7614daada"
[0m20:44:00.664346 [debug] [Thread-1 (]: On test.dbt_project_1.unique_stg_customers_customer_id.c7614daada: /* {"app": "dbt", "dbt_version": "1.12.3", "profile_name": "dbt_project_1", "target_name": "dev_duckdb", "node_id": "test.dbt_project_1.unique_stg_customers_customer_id.c7614daada"} */

    
    select
      count(*) as failures,
      count(*) != 0 as should_warn,
      count(*) != 0 as should_error
    from (
      
    
  
    
    

select
    customer_id as unique_field,
    count(*) as n_records

from "dev"."main"."stg_customers"
where customer_id is not null
group by customer_id
having count(*) > 1



  
  
      
    ) dbt_internal_test
[0m20:44:00.683010 [debug] [Thread-1 (]: SQL status: OK in 0.017 seconds
[0m20:44:00.684215 [debug] [Thread-1 (]: On test.dbt_project_1.unique_stg_customers_customer_id.c7614daada: ROLLBACK
[0m20:44:00.686228 [debug] [Thread-1 (]: On test.dbt_project_1.unique_stg_customers_customer_id.c7614daada: Close
[0m20:44:00.686228 [info ] [Thread-1 (]: 10 of 11 PASS unique_stg_customers_customer_id ................................. [[32mPASS[0m in 0.04s]
[0m20:44:00.687243 [debug] [Thread-1 (]: Finished running node test.dbt_project_1.unique_stg_customers_customer_id.c7614daada
[0m20:44:00.687243 [debug] [Thread-1 (]: Began running node test.dbt_project_1.unique_stg_orders_order_id.e3b841c71a
[0m20:44:00.687243 [info ] [Thread-1 (]: 11 of 11 START test unique_stg_orders_order_id ................................. [RUN]
[0m20:44:00.687243 [debug] [Thread-1 (]: Re-using an available connection from the pool (formerly test.dbt_project_1.unique_stg_customers_customer_id.c7614daada, now test.dbt_project_1.unique_stg_orders_order_id.e3b841c71a)
[0m20:44:00.687243 [debug] [Thread-1 (]: Began compiling node test.dbt_project_1.unique_stg_orders_order_id.e3b841c71a
[0m20:44:00.687243 [debug] [Thread-1 (]: Writing injected SQL for node "test.dbt_project_1.unique_stg_orders_order_id.e3b841c71a"
[0m20:44:00.687243 [debug] [Thread-1 (]: Began executing node test.dbt_project_1.unique_stg_orders_order_id.e3b841c71a
[0m20:44:00.701303 [debug] [Thread-1 (]: Writing runtime sql for node "test.dbt_project_1.unique_stg_orders_order_id.e3b841c71a"
[0m20:44:00.703200 [debug] [Thread-1 (]: Using duckdb connection "test.dbt_project_1.unique_stg_orders_order_id.e3b841c71a"
[0m20:44:00.704353 [debug] [Thread-1 (]: On test.dbt_project_1.unique_stg_orders_order_id.e3b841c71a: BEGIN
[0m20:44:00.704353 [debug] [Thread-1 (]: Opening a new connection, currently in state closed
[0m20:44:00.704353 [debug] [Thread-1 (]: SQL status: OK in 0.001 seconds
[0m20:44:00.704353 [debug] [Thread-1 (]: Using duckdb connection "test.dbt_project_1.unique_stg_orders_order_id.e3b841c71a"
[0m20:44:00.704353 [debug] [Thread-1 (]: On test.dbt_project_1.unique_stg_orders_order_id.e3b841c71a: /* {"app": "dbt", "dbt_version": "1.12.3", "profile_name": "dbt_project_1", "target_name": "dev_duckdb", "node_id": "test.dbt_project_1.unique_stg_orders_order_id.e3b841c71a"} */

    
    select
      count(*) as failures,
      count(*) != 0 as should_warn,
      count(*) != 0 as should_error
    from (
      
    
  
    
    

select
    order_id as unique_field,
    count(*) as n_records

from "dev"."main"."stg_orders"
where order_id is not null
group by order_id
having count(*) > 1



  
  
      
    ) dbt_internal_test
[0m20:44:00.727430 [debug] [Thread-1 (]: SQL status: OK in 0.021 seconds
[0m20:44:00.727430 [debug] [Thread-1 (]: On test.dbt_project_1.unique_stg_orders_order_id.e3b841c71a: ROLLBACK
[0m20:44:00.727430 [debug] [Thread-1 (]: On test.dbt_project_1.unique_stg_orders_order_id.e3b841c71a: Close
[0m20:44:00.730513 [info ] [Thread-1 (]: 11 of 11 PASS unique_stg_orders_order_id ....................................... [[32mPASS[0m in 0.04s]
[0m20:44:00.731989 [debug] [Thread-1 (]: Finished running node test.dbt_project_1.unique_stg_orders_order_id.e3b841c71a
[0m20:44:00.733280 [debug] [MainThread]: Using duckdb connection "master"
[0m20:44:00.733280 [debug] [MainThread]: On master: BEGIN
[0m20:44:00.733280 [debug] [MainThread]: Opening a new connection, currently in state closed
[0m20:44:00.735310 [debug] [MainThread]: SQL status: OK in 0.001 seconds
[0m20:44:00.735310 [debug] [MainThread]: On master: COMMIT
[0m20:44:00.735310 [debug] [MainThread]: Using duckdb connection "master"
[0m20:44:00.735310 [debug] [MainThread]: On master: COMMIT
[0m20:44:00.735310 [debug] [MainThread]: SQL status: OK in 0.000 seconds
[0m20:44:00.735310 [debug] [MainThread]: On master: Close
[0m20:44:00.737323 [debug] [MainThread]: Connection 'master' was properly closed.
[0m20:44:00.737323 [debug] [MainThread]: Connection 'list_dev_main' was properly closed.
[0m20:44:00.737323 [debug] [MainThread]: Connection 'test.dbt_project_1.unique_stg_orders_order_id.e3b841c71a' was properly closed.
[0m20:44:00.737323 [info ] [MainThread]: 
[0m20:44:00.737323 [info ] [MainThread]: Finished running 11 data tests in 0 hours 0 minutes and 1.02 seconds (1.02s).
[0m20:44:00.739807 [debug] [MainThread]: Command end result
[0m20:44:00.783660 [debug] [MainThread]: Wrote artifact WritableManifest to C:\Users\gurs\Documents\gs_dbt_project\dbt_project_1\target\manifest.json
[0m20:44:00.794798 [debug] [MainThread]: Wrote artifact SemanticManifest to C:\Users\gurs\Documents\gs_dbt_project\dbt_project_1\target\semantic_manifest.json
[0m20:44:00.802519 [debug] [MainThread]: Wrote artifact OsiDocument to C:\Users\gurs\Documents\gs_dbt_project\dbt_project_1\target\osi_document.json
[0m20:44:00.811312 [debug] [MainThread]: Wrote artifact RunExecutionResult to C:\Users\gurs\Documents\gs_dbt_project\dbt_project_1\target\run_results.json
[0m20:44:00.811312 [info ] [MainThread]: 
[0m20:44:00.813684 [info ] [MainThread]: [32mCompleted successfully[0m
[0m20:44:00.814202 [info ] [MainThread]: 
[0m20:44:00.814909 [info ] [MainThread]: Done. PASS=11 WARN=0 ERROR=0 SKIP=0 NO-OP=0 REUSED=0 TOTAL=11
[0m20:44:00.816100 [debug] [MainThread]: Command `dbt test` succeeded at 20:44:00.816100 after 2.90 seconds
[0m20:44:00.816100 [debug] [MainThread]: Sending event: {'category': 'dbt', 'action': 'invocation', 'label': 'end', 'context': [<snowplow_tracker.self_describing_json.SelfDescribingJson object at 0x000001BDB5B94410>, <snowplow_tracker.self_describing_json.SelfDescribingJson object at 0x000001BDB5B94650>, <snowplow_tracker.self_describing_json.SelfDescribingJson object at 0x000001BDB12E9A00>]}
[0m20:44:00.816100 [debug] [MainThread]: Flushing usage events
[0m20:44:01.693560 [debug] [MainThread]: An error was encountered while trying to flush usage events
